year_key,day_type,Model,n_vars,Variables,n,Text,Tint,Text-Tc,Text-Tint,Tint-Tc,R2,RMSE,CV_RMSE_pct,NMBE_pct
all,weekday,1,1,Text,209,0.645126,,,,,0.297537717,7.001371815,42.55133046,2.936527017
all,weekday,2,1,Tint,209,,0.635973,,,,0.073428843,8.041017827,48.86985234,0.878140117
all,weekday,3,1,Text-Tc,209,,,2.97653,,,0.276404757,7.105906485,43.18664728,-13.531455
all,weekday,4,1,Text-Tint,209,,,,6.714122,,-1.055356037,11.97609322,72.78555028,-48.78930049
all,weekday,5,1,Tint-Tc,209,,,,,3.701813,0.288188618,7.047808585,42.8335532,1.522982422
all,weekday,6,2,"Text, Tint",209,0.645126,0,,,,0.297537717,7.001371815,42.55133046,2.93652701
all,weekday,7,2,"Text, Text-Tc",209,0.347514,,1.533625,,,0.511865035,5.836353586,35.47085009,0.001418635
all,weekday,8,2,"Text, Text-Tint",209,0.529479,,,2.148581,,0.452531007,6.180895484,37.56482775,0.871788824
all,weekday,9,2,"Text, Tint-Tc",209,0.359423,,,,1.658161,0.314520686,6.916220215,42.03381561,2.825051058
all,weekday,10,2,"Tint, Text-Tc",209,,0.295381,1.832968,,,0.515709819,5.81332319,35.33088124,0.101343724
all,weekday,11,2,"Tint, Text-Tint",209,,0.490652,,2.974031,,0.421174627,6.355436976,38.62561597,0.51111085
all,weekday,12,2,"Tint, Tint-Tc",209,,0,,,3.701813,0.288188618,7.047808585,42.8335532,1.522982285
all,weekday,13,2,"Text-Tc, Text-Tint",209,,,2.97653,0,,0.276404757,7.105906485,43.18664728,-13.531455
all,weekday,14,2,"Text-Tc, Tint-Tc",209,,,1.553362,,1.978271,0.516590311,5.80803616,35.29874894,-0.620170781
all,weekday,15,2,"Text-Tint, Tint-Tc",209,,,,2.469269,2.976387,0.510142136,5.846644378,35.53339311,0.461916915
all,weekday,16,3,"Text, Tint, Text-Tc",209,0,0.295381,1.832968,,,0.515709819,5.81332319,35.33088124,0.101343329
all,weekday,17,3,"Text, Tint, Text-Tint",209,0.529479,0,,2.148581,,0.452531007,6.180895484,37.56482775,0.871788729
all,weekday,18,3,"Text, Tint, Tint-Tc",209,0.359423,0,,,1.658161,0.314520686,6.916220215,42.03381561,2.825051079
all,weekday,19,3,"Text, Text-Tc, Text-Tint",209,0.347514,,1.533625,0,,0.511865035,5.836353586,35.47085009,0.001418631
all,weekday,20,3,"Text, Text-Tc, Tint-Tc",209,0.145423,,1.508951,,1.200684,0.520714225,5.783209247,35.14786163,-0.032079275
all,weekday,21,3,"Text, Text-Tint, Tint-Tc",209,0,,,2.469269,2.976387,0.510142136,5.846644378,35.53339311,0.461916975
all,weekday,22,3,"Tint, Text-Tc, Text-Tint",209,,0.299763,1.780884,0.108375,,0.515814495,5.812694902,35.32706277,0.110041565
all,weekday,23,3,"Tint, Text-Tc, Tint-Tc",209,,0.144234,1.660368,,1.053328,0.521143255,5.780620265,35.13212691,6.33E-09
all,weekday,24,3,"Tint, Text-Tint, Tint-Tc",209,,0,,2.469269,2.976387,0.510142136,5.846644378,35.53339311,0.461916924
all,weekday,25,3,"Text-Tc, Text-Tint, Tint-Tc",209,,,0.922551,1.129536,2.346354,0.525367629,5.755066068,34.97681948,-0.235220492
all,weekday,26,4,"Text, Tint, Text-Tc, Text-Tint",209,0,0.299763,1.780884,0.108375,,0.515814495,5.812694902,35.32706277,0.110041575
all,weekday,27,4,"Text, Tint, Text-Tc, Tint-Tc",209,0,0.144234,1.660368,,1.053328,0.521143255,5.780620265,35.13212691,-1.25E-08
all,weekday,28,4,"Text, Tint, Text-Tint, Tint-Tc",209,0,0,,2.469269,2.976387,0.510142136,5.846644378,35.53339311,0.461916971
all,weekday,29,4,"Text, Text-Tc, Text-Tint, Tint-Tc",209,0.065015,,0.987311,0.978025,1.949342,0.52603397,5.751024853,34.95225871,-0.023935976
all,weekday,30,4,"Tint, Text-Tc, Text-Tint, Tint-Tc",209,,0.06837,1.06955,0.957143,1.851735,0.526186191,5.750101265,34.94664554,1.75E-08
all,weekday,31,5,"Text, Tint, Text-Tc, Text-Tint, Tint-Tc",209,0,0.06837,1.06955,0.957143,1.851736,0.526186191,5.750101265,34.94664554,-6.30E-09
all,weekend,1,1,Text,28,0.179259,,,,,0.088943828,2.950366813,58.2057332,1.190054853
all,weekend,2,1,Tint,28,,0.181713,,,,-0.011568205,3.108858978,61.3325148,-0.298542876
all,weekend,3,1,Text-Tc,28,,,1.246074,,,-0.25428542,3.461797214,68.29538759,-22.94929855
all,weekend,4,1,Text-Tint,28,,,,2.641379,,-0.310265719,3.538206095,69.80280522,-33.4254249
all,weekend,5,1,Tint-Tc,28,,,,,1.903623,-0.528359819,3.82134495,75.38865459,-19.60290822
all,weekend,6,2,"Text, Tint",28,0.179259,0,,,,0.088943828,2.950366813,58.2057332,1.190054866
all,weekend,7,2,"Text, Text-Tc",28,0.133888,,0.392224,,,0.152221723,2.846063459,56.14800492,-0.168174687
all,weekend,8,2,"Text, Text-Tint",28,0.125848,,,1.12093,,0.270732153,2.639653792,52.07589228,-0.707502966
all,weekend,9,2,"Text, Tint-Tc",28,0.179259,,,,0,0.088943828,2.950366813,58.2057332,1.190054853
all,weekend,10,2,"Tint, Text-Tc",28,,0.121557,0.522821,,,0.123623958,2.893667892,57.08715965,-0.97623
all,weekend,11,2,"Tint, Text-Tint",28,,0.121238,,1.297857,,0.266204572,2.647835118,52.23729597,-0.767576293
all,weekend,12,2,"Tint, Tint-Tc",28,,0.181713,,,0,-0.011568205,3.108858978,61.3325148,-0.298542867
all,weekend,13,2,"Text-Tc, Text-Tint",28,,,0.748512,1.143594,,-0.196590715,3.381241973,66.7061693,-24.89225859
all,weekend,14,2,"Text-Tc, Tint-Tc",28,,,1.1853,,0.105348,-0.253459701,3.460657544,68.27290382,-22.25800466
all,weekend,15,2,"Text-Tint, Tint-Tc",28,,,,1.730661,0.883473,-0.127655361,3.282400964,64.75620385,-19.06725021
all,weekend,16,3,"Text, Tint, Text-Tc",28,0.133888,0,0.392224,,,0.152221723,2.846063459,56.14800492,-0.168174678
all,weekend,17,3,"Text, Tint, Text-Tint",28,0.125848,0,,1.12093,,0.270732153,2.639653792,52.07589228,-0.707502934
all,weekend,18,3,"Text, Tint, Tint-Tc",28,0.179259,0,,,0,0.088943828,2.950366813,58.2057332,1.190054877
all,weekend,19,3,"Text, Text-Tc, Text-Tint",28,0.125848,,0,1.12093,,0.270732153,2.639653792,52.07589228,-0.707502957
all,weekend,20,3,"Text, Text-Tc, Tint-Tc",28,0.133888,,0.392224,,0,0.152221723,2.846063459,56.14800492,-0.168174673
all,weekend,21,3,"Text, Text-Tint, Tint-Tc",28,0.125848,,,1.12093,0,0.270732153,2.639653792,52.07589228,-0.707502958
all,weekend,22,3,"Tint, Text-Tc, Text-Tint",28,,0.121238,0,1.297857,,0.266204572,2.647835118,52.23729597,-0.76757629
all,weekend,23,3,"Tint, Text-Tc, Tint-Tc",28,,0.121557,0.522821,,0,0.123623958,2.893667892,57.08715965,-0.976229996
all,weekend,24,3,"Tint, Text-Tint, Tint-Tc",28,,0.121238,,1.297857,0,0.266204572,2.647835118,52.23729597,-0.767576306
all,weekend,25,3,"Text-Tc, Text-Tint, Tint-Tc",28,,,0,1.730661,0.883473,-0.127655361,3.282400964,64.75620385,-19.06724999
all,weekend,26,4,"Text, Tint, Text-Tc, Text-Tint",28,0.125848,0,0,1.12093,,0.270732153,2.639653792,52.07589228,-0.707502924
all,weekend,27,4,"Text, Tint, Text-Tc, Tint-Tc",28,0.133888,0,0.392224,,0,0.152221723,2.846063459,56.14800492,-0.168174687
all,weekend,28,4,"Text, Tint, Text-Tint, Tint-Tc",28,0.125848,0,,1.12093,0,0.270732153,2.639653792,52.07589228,-0.707502937
all,weekend,29,4,"Text, Text-Tc, Text-Tint, Tint-Tc",28,0.125848,,0,1.12093,0,0.270732153,2.639653792,52.07589228,-0.707502957
all,weekend,30,4,"Tint, Text-Tc, Text-Tint, Tint-Tc",28,,0.121238,0,1.297857,0,0.266204572,2.647835118,52.23729597,-0.767576296
all,weekend,31,5,"Text, Tint, Text-Tc, Text-Tint, Tint-Tc",28,0.125848,0,0,1.12093,0,0.270732153,2.639653792,52.07589228,-0.707502946
