year_key,day_type,Model,n_vars,Variables,n,Text,Tint,Text-Tc,Tint-Text,Tint-Tc,R2,Adj_R2,RMSE,CV_RMSE_pct,NMBE_pct
all,weekday,1,1,Text,209,0.645126,,,,,0.297537717,0.294144179,7.001371815,42.55133046,2.936527017
all,weekday,2,1,Tint,209,,0.635973,,,,0.073428843,0.068952654,8.041017827,48.86985234,0.878140117
all,weekday,3,1,Text-Tc,209,,,2.97653,,,0.276404757,0.272909128,7.105906485,43.18664728,-13.531455
all,weekday,4,1,Tint-Text,209,,,,3.496873,,-3.315091035,-3.335936886,17.35268238,105.4621497,-76.61597504
all,weekday,5,1,Tint-Tc,209,,,,,3.701813,0.288188618,0.284749916,7.047808585,42.8335532,1.522982422
all,weekday,6,2,"Text, Tint",209,0.645126,0,,,,0.297537717,0.290717694,7.001371815,42.55133046,2.93652701
all,weekday,7,2,"Text, Text-Tc",209,0.347514,,1.533625,,,0.511865035,0.50712586,5.836353586,35.47085009,0.001418635
all,weekday,8,2,"Text, Tint-Text",209,0.645126,,,0,,0.297537717,0.290717694,7.001371815,42.55133046,2.936527021
all,weekday,9,2,"Text, Tint-Tc",209,0.359423,,,,1.658161,0.314520686,0.307865548,6.916220215,42.03381561,2.825051058
all,weekday,10,2,"Tint, Text-Tc",209,,0.295381,1.832968,,,0.515709819,0.511007973,5.81332319,35.33088124,0.101343724
all,weekday,11,2,"Tint, Tint-Text",209,,0.635973,,0,,0.073428843,0.064433006,8.041017827,48.86985234,0.878140135
all,weekday,12,2,"Tint, Tint-Tc",209,,0,,,3.701813,0.288188618,0.281277828,7.047808585,42.8335532,1.522982285
all,weekday,13,2,"Text-Tc, Tint-Text",209,,,2.879841,2.225952,,0.500794973,0.495948322,5.902161806,35.87080419,-1.455077278
all,weekday,14,2,"Text-Tc, Tint-Tc",209,,,1.553362,,1.978271,0.516590311,0.511897013,5.80803616,35.29874894,-0.620170781
all,weekday,15,2,"Tint-Text, Tint-Tc",209,,,,0,3.701813,0.288188618,0.281277828,7.047808585,42.8335532,1.522982438
all,weekday,16,3,"Text, Tint, Text-Tc",209,0,0.295381,1.832968,,,0.515709819,0.508622646,5.81332319,35.33088124,0.101343329
all,weekday,17,3,"Text, Tint, Tint-Text",209,0.645126,0,,0,,0.297537717,0.287257781,7.001371815,42.55133046,2.936527029
all,weekday,18,3,"Text, Tint, Tint-Tc",209,0.359423,0,,,1.658161,0.314520686,0.304489282,6.916220215,42.03381561,2.825051079
all,weekday,19,3,"Text, Text-Tc, Tint-Text",209,0.224703,,2.004973,0.887954,,0.518165521,0.511114285,5.798565579,35.24119082,0.036326288
all,weekday,20,3,"Text, Text-Tc, Tint-Tc",209,0.145423,,1.508951,,1.200684,0.520714225,0.513700287,5.783209247,35.14786163,-0.032079275
all,weekday,21,3,"Text, Tint-Text, Tint-Tc",209,0.359423,,,0,1.658161,0.314520686,0.304489282,6.916220215,42.03381561,2.825051049
all,weekday,22,3,"Tint, Text-Tc, Tint-Text",209,,0.205378,2.148067,0.767707,,0.520182818,0.513161103,5.786414419,35.16734129,0.112413161
all,weekday,23,3,"Tint, Text-Tc, Tint-Tc",209,,0.144234,1.660368,,1.053328,0.521143255,0.514135595,5.780620265,35.13212691,6.33E-09
all,weekday,24,3,"Tint, Tint-Text, Tint-Tc",209,,0,,0,3.701813,0.288188618,0.277771866,7.047808585,42.8335532,1.522982455
all,weekday,25,3,"Text-Tc, Tint-Text, Tint-Tc",209,,,2.012362,0.939006,1.283541,0.526899709,0.51997629,5.745770088,34.92032251,-0.060003041
all,weekday,26,4,"Text, Tint, Text-Tc, Tint-Text",209,0,0.205378,2.148067,0.767707,,0.520182818,0.510774638,5.786414419,35.16734129,0.112413157
all,weekday,27,4,"Text, Tint, Text-Tc, Tint-Tc",209,0,0.144234,1.660368,,1.053328,0.521143255,0.511753907,5.780620265,35.13212691,-1.25E-08
all,weekday,28,4,"Text, Tint, Tint-Text, Tint-Tc",209,0.359423,0,,0,1.658161,0.314520686,0.301079916,6.916220215,42.03381561,2.825051049
all,weekday,29,4,"Text, Text-Tc, Tint-Text, Tint-Tc",209,0.023491,,1.978804,0.88503,1.19787,0.526973245,0.517698211,5.745323521,34.91760846,0.002793338
all,weekday,30,4,"Tint, Text-Tc, Tint-Text, Tint-Tc",209,,0.021815,2.000854,0.882352,1.185559,0.526966335,0.517691165,5.74536549,34.91786353,9.20E-07
all,weekday,31,5,"Text, Tint, Text-Tc, Tint-Text, Tint-Tc",209,0.02349,0,1.978805,0.885031,1.197873,0.526973245,0.51532234,5.745323522,34.91760847,0.002791289
all,weekend,1,1,Text,28,0.179259,,,,,0.088943828,0.053903206,2.950366813,58.2057332,1.190054853
all,weekend,2,1,Tint,28,,0.181713,,,,-0.011568205,-0.050474675,3.108858978,61.3325148,-0.298542876
all,weekend,3,1,Text-Tc,28,,,1.246074,,,-0.25428542,-0.302527167,3.461797214,68.29538759,-22.94929855
all,weekend,4,1,Tint-Text,28,,,,0.958791,,-2.556661456,-2.693456127,5.829411338,115.0043986,-90.99836888
all,weekend,5,1,Tint-Tc,28,,,,,1.903623,-0.528359819,-0.587142889,3.82134495,75.38865459,-19.60290822
all,weekend,6,2,"Text, Tint",28,0.179259,0,,,,0.088943828,0.016059335,2.950366813,58.2057332,1.190054866
all,weekend,7,2,"Text, Text-Tc",28,0.133888,,0.392224,,,0.152221723,0.08439946,2.846063459,56.14800492,-0.168174687
all,weekend,8,2,"Text, Tint-Text",28,0.179259,,,0,,0.088943828,0.016059335,2.950366813,58.2057332,1.190054868
all,weekend,9,2,"Text, Tint-Tc",28,0.179259,,,,0,0.088943828,0.016059335,2.950366813,58.2057332,1.190054853
all,weekend,10,2,"Tint, Text-Tc",28,,0.121557,0.522821,,,0.123623958,0.053513874,2.893667892,57.08715965,-0.97623
all,weekend,11,2,"Tint, Tint-Text",28,,0.181713,,0,,-0.011568205,-0.092493662,3.108858978,61.3325148,-0.298542854
all,weekend,12,2,"Tint, Tint-Tc",28,,0.181713,,,0,-0.011568205,-0.092493662,3.108858978,61.3325148,-0.298542867
all,weekend,13,2,"Text-Tc, Tint-Text",28,,,1.239516,0.855395,,-0.14890569,-0.240818146,3.313184549,65.36351175,-15.32388749
all,weekend,14,2,"Text-Tc, Tint-Tc",28,,,1.1853,,0.105348,-0.253459701,-0.353736477,3.460657544,68.27290382,-22.25800466
all,weekend,15,2,"Tint-Text, Tint-Tc",28,,,,0.188019,1.885042,-0.523471133,-0.645348824,3.815228484,75.26798711,-18.62241524
all,weekend,16,3,"Text, Tint, Text-Tc",28,0.133888,0,0.392224,,,0.152221723,0.046249438,2.846063459,56.14800492,-0.168174678
all,weekend,17,3,"Text, Tint, Tint-Text",28,0.179259,0,,0,,0.088943828,-0.024938193,2.950366813,58.2057332,1.190054862
all,weekend,18,3,"Text, Tint, Tint-Tc",28,0.179259,0,,,0,0.088943828,-0.024938193,2.950366813,58.2057332,1.190054877
all,weekend,19,3,"Text, Text-Tc, Tint-Text",28,0.133888,,0.392224,0,,0.152221723,0.046249438,2.846063459,56.14800492,-0.168174671
all,weekend,20,3,"Text, Text-Tc, Tint-Tc",28,0.133888,,0.392224,,0,0.152221723,0.046249438,2.846063459,56.14800492,-0.168174673
all,weekend,21,3,"Text, Tint-Text, Tint-Tc",28,0.179259,,,0,0,0.088943828,-0.024938193,2.950366813,58.2057332,1.19005485
all,weekend,22,3,"Tint, Text-Tc, Tint-Text",28,,0.121557,0.522821,0,,0.123623958,0.014076952,2.893667892,57.08715965,-0.976230005
all,weekend,23,3,"Tint, Text-Tc, Tint-Tc",28,,0.121557,0.522821,,0,0.123623958,0.014076952,2.893667892,57.08715965,-0.976229996
all,weekend,24,3,"Tint, Tint-Text, Tint-Tc",28,,0.181713,,0,0,-0.011568205,-0.138014231,3.108858978,61.3325148,-0.298542854
all,weekend,25,3,"Text-Tc, Tint-Text, Tint-Tc",28,,,1.239516,0.855395,0,-0.14890569,-0.292518902,3.313184549,65.36351175,-15.32388752
all,weekend,26,4,"Text, Tint, Text-Tc, Tint-Text",28,0.133888,0,0.392224,0,,0.152221723,0.004782022,2.846063459,56.14800492,-0.168174664
all,weekend,27,4,"Text, Tint, Text-Tc, Tint-Tc",28,0.133888,0,0.392224,,0,0.152221723,0.004782022,2.846063459,56.14800492,-0.168174687
all,weekend,28,4,"Text, Tint, Tint-Text, Tint-Tc",28,0.179259,0,,0,0,0.088943828,-0.069500723,2.950366813,58.2057332,1.190054837
all,weekend,29,4,"Text, Text-Tc, Tint-Text, Tint-Tc",28,0.133888,,0.392224,0,0,0.152221723,0.004782022,2.846063459,56.14800492,-0.168174683
all,weekend,30,4,"Tint, Text-Tc, Tint-Text, Tint-Tc",28,,0.121557,0.522821,0,0,0.123623958,-0.028789267,2.893667892,57.08715965,-0.976229969
all,weekend,31,5,"Text, Tint, Text-Tc, Tint-Text, Tint-Tc",28,0.133888,0,0.392224,0,0,0.152221723,-0.040455159,2.846063459,56.14800492,-0.168174673
