year,day_type,model_no,n_vars,variables,n,Tc,Eb,status,Text,R2,Adj_R2,RMSE,CV_RMSE_pct,NMBE_pct,AIC,BIC,n_params,Tint,Text-Tc,Text-Tint,Tint-Tc
2020,weekday,1,1,Text,36,19.85095693,43.521701447312836,OK,0.500071,0.21005301970218238,0.18681928498754063,4.093596545517905,32.93119329947489,1.1663001095229792,103.47852329368715,105.06204223214326,1,,,,
2020,weekday,2,1,Tint,36,19.85095693,43.521701447312836,OK,,0.055836555822948775,0.028067042758917915,4.475377319557618,36.00245260119836,0.36698137337847303,109.89852790821868,111.48204684667479,1,0.47669,,,
2020,weekday,3,1,Text-Tc,36,19.85095693,43.521701447312836,OK,,0.3212088867894839,0.3012444422832923,3.7946711002274287,30.526468869127577,-3.3775683546515993,98.01903731492882,99.60255625338493,1,,2.267513,,
2020,weekday,4,1,Text-Tint,36,19.85095693,43.521701447312836,OK,,-5.364690729541709,-5.5518875157047,11.619694731151004,93.47536060713875,-78.88488568436817,178.59450656672456,180.17802550518067,1,,,9.898842,
2020,weekday,5,1,Tint-Tc,36,19.85095693,43.521701447312836,OK,,0.20230229781717912,0.17884060069415497,4.113630092961928,33.09235442417724,1.1108290106211995,103.8300228548182,105.4135417932743,1,,,,1.988125
2020,weekday,6,2,"Text, Tint",36,19.85095693,43.521701447312836,OK,0.500071,0.21005301970218226,0.16217744513867816,4.093596545517906,32.9311932994749,1.1663000730455866,105.47852329368716,108.64556117059938,2,0.0,,,
2020,weekday,7,2,"Text, Text-Tc",36,19.85095693,43.521701447312836,OK,0.199835,0.3997219139833774,0.36334142392176394,3.568472139558232,28.706797190419138,2.1750086274504334e-08,95.59390230924483,98.76094018615704,2,,1.398038,,
2020,weekday,8,2,"Text, Text-Tint",36,19.85095693,43.521701447312836,OK,0.485008,0.2363428695816444,0.19006061925325923,4.0249016385032865,32.378572825905074,0.8913878533566029,104.26003405117734,107.42707192808956,2,,,1.299659,
2020,weekday,9,2,"Text, Tint-Tc",36,19.85095693,43.521701447312836,OK,0.299402,0.21643524107376488,0.16894646780550826,4.077026304271837,32.797892957971854,1.2722427357765032,105.18648704937796,108.35352492629018,2,,,,0.800316
2020,weekday,10,2,"Tint, Text-Tc",36,19.85095693,43.521701447312836,OK,,0.40896403572189777,0.37314367425049766,3.5408947668764266,28.48494929203,0.18913479368203812,95.03532070327752,98.20235858018974,2,0.164245,1.539657,,
2020,weekday,11,2,"Tint, Text-Tint",36,19.85095693,43.521701447312836,OK,,0.1431630023676821,0.09123348735966286,4.263391070214511,34.29711596718346,0.35969649269850396,108.40467060347432,111.57170848038653,2,0.453181,,2.317146,
2020,weekday,12,2,"Tint, Tint-Tc",36,19.85095693,43.521701447312836,OK,,0.202302297817179,0.15395698253337164,4.113630092961928,33.09235442417724,1.1108289936306335,105.8300228548182,108.99706073173041,2,0.0,,,1.988125
2020,weekday,13,2,"Text-Tc, Text-Tint",36,19.85095693,43.521701447312836,OK,,0.3212088867894838,0.28007003144339193,3.794671100227429,30.526468869127584,-3.377568373935506,100.01903731492882,103.18607519184104,2,,2.267513,0.0,
2020,weekday,14,2,"Text-Tc, Tint-Tc",36,19.85095693,43.521701447312836,OK,,0.440932855377025,0.4070499981271477,3.4438010252430873,27.703872618170273,0.6982783317394261,93.03345836153429,96.2004962384465,2,,1.352634,,0.846688
2020,weekday,15,2,"Text-Tint, Tint-Tc",36,19.85095693,43.521701447312836,OK,,0.2805379831464948,0.23693422454931268,3.906699448716755,31.427687921396487,1.101175066603741,102.11388784638393,105.28092572329615,2,,,2.194612,1.895887
2020,weekday,16,3,"Text, Tint, Text-Tc",36,19.85095693,43.521701447312836,OK,0.0,0.408964035721898,0.3535544140708259,3.540894766876426,28.48494929202999,0.1891347731726124,97.0353207032775,101.78587751864583,3,0.164245,1.539657,,
2020,weekday,17,3,"Text, Tint, Text-Tint",36,19.85095693,43.521701447312836,OK,0.485008,0.23634286958164397,0.16475001360492314,4.024901638503288,32.378572825905096,0.8913878421165123,106.26003405117737,111.0105908665457,3,0.0,,1.299659,
2020,weekday,18,3,"Text, Tint, Tint-Tc",36,19.85095693,43.521701447312836,OK,0.299402,0.2164352410737599,0.14297604492442484,4.0770263042718495,32.79789295797195,1.2722427557080929,107.18648704937819,111.93704386474651,3,0.0,,,0.800316
2020,weekday,19,3,"Text, Text-Tc, Text-Tint",36,19.85095693,43.521701447312836,OK,0.199835,0.39972191398337753,0.34344584341931916,3.5684721395582315,28.70679719041913,-1.8716273906931433e-09,97.59390230924483,102.34445912461315,3,,1.398038,0.0,
2020,weekday,20,3,"Text, Text-Tc, Tint-Tc",36,19.85095693,43.521701447312836,OK,0.0,0.440932855377025,0.388520310568621,3.4438010252430873,27.703872618170273,0.6982783357655803,95.03345836153429,99.78401517690261,3,,1.352634,,0.846688
2020,weekday,21,3,"Text, Text-Tint, Tint-Tc",36,19.85095693,43.521701447312836,OK,0.0,0.28053798314649414,0.21308841906647802,3.9066994487167572,31.427687921396508,1.101175015195264,104.11388784638397,108.8644446617523,3,,,2.194612,1.895887
2020,weekday,22,3,"Tint, Text-Tc, Text-Tint",36,19.85095693,43.521701447312836,OK,,0.40896403572189755,0.35355441407082544,3.5408947668764275,28.484949292030002,0.1891348108095205,97.03532070327753,101.78587751864586,3,0.164245,1.539657,0.0,
2020,weekday,23,3,"Tint, Text-Tc, Tint-Tc",36,19.85095693,43.521701447312836,OK,,0.4409328553770251,0.38852031056862124,3.443801025243087,27.703872618170273,0.6982783822888465,95.03345836153427,99.7840151769026,3,0.0,1.352634,,0.846688
2020,weekday,24,3,"Tint, Text-Tint, Tint-Tc",36,19.85095693,43.521701447312836,OK,,0.2805379831464947,0.21308841906647857,3.9066994487167555,31.42768792139649,1.1011749849805346,104.11388784638395,108.86444466175227,3,0.0,,2.194612,1.895887
2020,weekday,25,3,"Text-Tc, Text-Tint, Tint-Tc",36,19.85095693,43.521701447312836,OK,,0.4409328553770211,0.3885203105686168,3.443801025243099,27.703872618170365,0.6982784470190075,95.03345836153453,99.78401517690286,3,,1.352634,0.0,0.846688
2020,weekday,26,4,"Text, Tint, Text-Tc, Text-Tint",36,19.85095693,43.521701447312836,OK,0.0,0.4089640357218811,0.33270133065373675,3.5408947668764768,28.484949292030397,0.18913481686286474,99.03532070327853,105.36939645710297,4,0.164245,1.539657,0.0,
2020,weekday,27,4,"Text, Tint, Text-Tc, Tint-Tc",36,19.85095693,43.521701447312836,OK,0.0,0.4409328553770251,0.3687951592966413,3.4438010252430864,27.703872618170266,0.6982782537226969,97.03345836153427,103.36753411535871,4,0.0,1.352634,,0.846688
2020,weekday,28,4,"Text, Tint, Text-Tint, Tint-Tc",36,19.85095693,43.521701447312836,OK,0.0,0.2805379831464947,0.1877041745202359,3.9066994487167555,31.42768792139649,1.1011750328953744,106.11388784638395,112.44796360020838,4,0.0,,2.194612,1.895887
2020,weekday,29,4,"Text, Text-Tc, Text-Tint, Tint-Tc",36,19.85095693,43.521701447312836,OK,0.0,0.4409328553770251,0.3687951592966413,3.4438010252430864,27.703872618170266,0.698278380687402,97.03345836153427,103.36753411535871,4,,1.352634,0.0,0.846688
2020,weekday,30,4,"Tint, Text-Tc, Text-Tint, Tint-Tc",36,19.85095693,43.521701447312836,OK,,0.4409328553770251,0.3687951592966413,3.443801025243087,27.703872618170273,0.6982782929946465,97.03345836153427,103.36753411535871,4,0.0,1.352634,0.0,0.846688
2020,weekday,31,5,"Text, Tint, Text-Tc, Text-Tint, Tint-Tc",36,19.85095693,43.521701447312836,OK,0.0,0.4409328553770251,0.34775499793986264,3.4438010252430864,27.703872618170266,0.698278344563018,99.03345836153427,106.95105305381482,5,0.0,1.352634,0.0,0.846688
2020,weekend,1,1,Text,6,23.41311745,26.83422058558079,OK,0.092919,-0.06917480890458894,-0.33646851113073617,1.803036058814359,72.34808567391792,-1.8417578897824713,9.073663320365077,8.865422789593131,1,,,,
2020,weekend,2,1,Tint,6,23.41311745,26.83422058558079,OK,,-0.03393346026339206,-0.29241682532924007,1.7730719058920723,71.14575303493925,-0.8519591648385514,8.872562987942644,8.664322457170698,1,0.089616,,,
2020,weekend,3,1,Text-Tc,6,23.41311745,26.83422058558079,OK,,-0.813551539335797,-1.2669394241697463,2.3482536418863202,94.22532335764748,-29.85413895585643,12.244063049421875,12.03582251864993,1,,0.599948,,
2020,weekend,4,1,Text-Tint,6,23.41311745,26.83422058558079,OK,,-2.042653155578418,-2.8033164444730225,3.0416292607182243,122.04750607563682,-99.99999999995987,15.348719754545808,15.140479223773863,1,,,1.0,
2020,weekend,5,1,Tint-Tc,6,23.41311745,26.83422058558079,OK,,-0.2435544070503044,-0.5544430088128804,1.944520154507577,78.0252341849914,-6.885079427219805,9.980182873271218,9.771942342499273,1,,,,0.557922
2020,weekend,6,2,"Text, Tint",6,23.41311745,26.83422058558079,OK,0.0,-0.03393346026339206,-0.7232224337723201,1.773071905892072,71.14575303493925,-0.8519591699943962,10.872562987942642,10.456081926398753,2,0.089616,,,
2020,weekend,7,2,"Text, Text-Tc",6,23.41311745,26.83422058558079,OK,0.092919,-0.06917480890458894,-0.7819580148409815,1.803036058814359,72.34808567391792,-1.841757884802186,11.073663320365077,10.657182258821187,2,,0.0,,
2020,weekend,8,2,"Text, Text-Tint",6,23.41311745,26.83422058558079,OK,0.092919,-0.06917480890458894,-0.7819580148409815,1.803036058814359,72.34808567391792,-1.8417578827034153,11.073663320365077,10.657182258821187,2,,,1.0,
2020,weekend,9,2,"Text, Tint-Tc",6,23.41311745,26.83422058558079,OK,0.092919,-0.06917480890660865,-0.7819580148443477,1.803036058816062,72.34808567398626,-1.8417578565372854,11.073663320376411,10.65718225883252,2,,,,0.0
2020,weekend,10,2,"Tint, Text-Tc",6,23.41311745,26.83422058558079,OK,,-0.03393346026339228,-0.7232224337723203,1.7730719058920725,71.14575303493926,-0.8519591761303194,10.872562987942645,10.456081926398756,2,0.089616,0.0,,
2020,weekend,11,2,"Tint, Text-Tint",6,23.41311745,26.83422058558079,OK,,-0.03393346026339206,-0.7232224337723201,1.773071905892072,71.14575303493925,-0.8519592026955206,10.872562987942642,10.456081926398753,2,0.089616,,1.0,
2020,weekend,12,2,"Tint, Tint-Tc",6,23.41311745,26.83422058558079,OK,,-0.03393346026642452,-0.723222433777374,1.7730719058946725,71.1457530350436,-0.8519592009695938,10.87256298796024,10.45608192641635,2,0.089616,,,0.0
2020,weekend,13,2,"Text-Tc, Text-Tint",6,23.41311745,26.83422058558079,OK,,-0.813551539335797,-2.022585898892995,2.3482536418863202,94.22532335764748,-29.85413895585643,14.244063049421875,13.827581987877984,2,,0.599948,1.0,
2020,weekend,14,2,"Text-Tc, Tint-Tc",6,23.41311745,26.83422058558079,OK,,-0.24355440705030484,-1.0725906784171748,1.9445201545075772,78.02523418499142,-6.885079341213153,11.980182873271218,11.563701811727327,2,,0.0,,0.557922
2020,weekend,15,2,"Text-Tint, Tint-Tc",6,23.41311745,26.83422058558079,OK,,-0.24355440705030507,-1.0725906784171753,1.9445201545075774,78.02523418499143,-6.885079768385389,11.98018287327122,11.56370181172733,2,,,1.0,0.557922
2020,weekend,16,3,"Text, Tint, Text-Tc",6,23.41311745,26.83422058558079,OK,0.0,-0.033933460266891924,-1.58483365066723,1.7730719058950732,71.14575303505967,-0.8519591891961293,12.872562987962953,12.247841395647118,3,0.089616,0.0,,
2020,weekend,17,3,"Text, Tint, Text-Tint",6,23.41311745,26.83422058558079,OK,0.0,-0.03393346026391786,-1.5848336506597946,1.773071905892523,71.14575303495734,-0.8519084693567991,12.872562987945695,12.247841395629859,3,0.089616,,1.0,
2020,weekend,18,3,"Text, Tint, Tint-Tc",6,23.41311745,26.83422058558079,OK,0.0,-0.03393346026412014,-1.5848336506603005,1.7730719058926965,71.1457530349643,-0.8519591823187206,12.872562987946868,12.247841395631031,3,0.089616,,,0.0
2020,weekend,19,3,"Text, Text-Tc, Text-Tint",6,23.41311745,26.83422058558079,OK,0.092919,-0.06917480890601202,-1.67293702226503,1.8030360588155592,72.3480856739661,-1.8416750256086356,13.073663320373065,12.448941728057228,3,,0.0,1.0,
2020,weekend,20,3,"Text, Text-Tc, Tint-Tc",6,23.41311745,26.83422058558079,OK,0.092919,-0.06917480890458894,-1.6729370222614723,1.8030360588143592,72.34808567391794,-1.8417578494857156,13.073663320365078,12.448941728049244,3,,0.0,,0.0
2020,weekend,21,3,"Text, Text-Tint, Tint-Tc",6,23.41311745,26.83422058558079,OK,0.092919,-0.06917480890485606,-1.6729370222621402,1.8030360588145844,72.34808567392697,-1.8417577039775122,13.073663320366578,12.448941728050743,3,,,2.319639,0.0
2020,weekend,22,3,"Tint, Text-Tc, Text-Tint",6,23.41311745,26.83422058558079,OK,,-0.03393346246457063,-1.5848336561614267,1.7730719077794508,71.14575311067163,-0.8519936130016494,12.872563000716262,12.247841408400427,3,0.089616,0.0,1.0,
2020,weekend,23,3,"Tint, Text-Tc, Tint-Tc",6,23.41311745,26.83422058558079,OK,,-0.03393346026339206,-1.5848336506584801,1.773071905892072,71.14575303493925,-0.8519591952288276,12.872562987942642,12.247841395626807,3,0.089616,0.0,,0.0
2020,weekend,24,3,"Tint, Text-Tint, Tint-Tc",6,23.41311745,26.83422058558079,OK,,-0.033933461243941254,-1.584833653109853,1.7730719067328344,71.14575306867542,-0.85411821480073,12.87256299363285,12.247841401317014,3,0.089614,,0.622428,0.0
2020,weekend,25,3,"Text-Tc, Text-Tint, Tint-Tc",6,23.41311745,26.83422058558079,OK,,-0.24355440712169107,-2.1088860178042275,1.94452015456339,78.02523418723094,-6.884757467307444,13.980182873615648,13.355461281299814,3,,0.0,2.373373,0.557924
2020,weekend,26,4,"Text, Tint, Text-Tc, Text-Tint",6,23.41311745,26.83422058558079,OK,0.0,-0.03393346026345179,-4.169667301317259,1.7730719058921234,71.14575303494131,-0.8519542807090749,14.872562987942988,14.039600864855208,4,0.089616,0.0,1.0,
2020,weekend,27,4,"Text, Tint, Text-Tc, Tint-Tc",6,23.41311745,26.83422058558079,OK,0.0,-0.03393346026339206,-4.16966730131696,1.773071905892072,71.14575303493925,-0.8519591611529282,14.872562987942642,14.039600864854862,4,0.089616,0.0,,0.0
2020,weekend,28,4,"Text, Tint, Text-Tint, Tint-Tc",6,23.41311745,26.83422058558079,OK,0.0,-0.03393346040337675,-4.169667302016884,1.7730719060121007,71.14575303975548,-0.8515956016471994,14.872562988754986,14.039600865667206,4,0.089616,,2.978034,0.0
2020,weekend,29,4,"Text, Text-Tc, Text-Tint, Tint-Tc",6,23.41311745,26.83422058558079,OK,0.092919,-0.06917481477135334,-4.345874073856766,1.803036063761159,72.34808587241174,-1.8417544038159963,15.073663353288213,14.240701230200433,4,,0.0,2.878873,0.0
2020,weekend,30,4,"Tint, Text-Tc, Text-Tint, Tint-Tc",6,23.41311745,26.83422058558079,OK,,-0.03393372891592006,-4.1696686445796,1.773072136245493,71.14576227803173,-0.8517022165233605,14.87256454695492,14.03960242386714,4,0.089616,0.0,7.208969,1e-06
2020,weekend,31,5,"Text, Tint, Text-Tc, Text-Tint, Tint-Tc",6,23.41311745,26.83422058558079,OK,0.0,-0.033933460649330005,-4.16966730324665,1.773071906222991,71.1457530482176,-0.8519592270288343,16.872562990182274,15.831360336322547,5,0.089616,0.0,1.081244,0.0
2021,weekday,1,1,Text,36,19.2791549,43.52306708561659,OK,0.373883,0.3585626424251005,0.3396968377905446,4.267366429945585,46.68087109641714,5.00534394563634,106.47177505963796,108.05529399809407,1,,,,
2021,weekday,2,1,Tint,36,19.2791549,43.52306708561659,OK,,0.08653691939830921,0.059670358204141793,5.092468028700457,55.70668643363322,1.3910207807049875,119.19890655087325,120.78242548932936,1,0.352171,,,
2021,weekday,3,1,Text-Tc,36,19.2791549,43.52306708561659,OK,,0.7891378383154826,0.7829360100306438,2.44670798170187,26.764624453835882,-0.4919459409916148,66.42152768503979,68.0050466234959,1,,1.422455,,
2021,weekday,4,1,Text-Tint,36,19.2791549,43.52306708561659,OK,,-0.6848334241585345,-0.7343873483984913,6.916100512627161,75.65546615689382,-57.213426624672394,141.23735127648897,142.82087021494507,1,,,4.865066,
2021,weekday,5,1,Tint-Tc,36,19.2791549,43.52306708561659,OK,,0.2850404853606334,0.26401226434182856,4.505298147115073,49.28361449829549,3.757773031651415,110.3782930580021,111.96181199645821,1,,,,1.347375
2021,weekday,6,2,"Text, Tint",36,19.2791549,43.52306708561659,OK,0.373883,0.35856264242510016,0.3196876510569244,4.267366429945586,46.68087109641715,5.005343809693969,108.47177505963798,111.6388129365502,2,0.0,,,
2021,weekday,7,2,"Text, Text-Tc",36,19.2791549,43.52306708561659,OK,0.010644,0.7894629019557615,0.7767030778318682,2.444821340318696,26.74398641755311,-4.6151713063301543e-10,68.36598751451979,71.533025391432,2,,1.386754,,
2021,weekday,8,2,"Text, Text-Tint",36,19.2791549,43.52306708561659,OK,0.292917,0.6725954151630489,0.6527527130517186,3.0487737038371843,33.35064251156529,1.7602830971224406,84.26124007270009,87.42827794961231,2,,,2.216615,
2021,weekday,9,2,"Text, Tint-Tc",36,19.2791549,43.52306708561659,OK,0.373883,0.3585626424251005,0.31968765105692476,4.267366429945585,46.68087109641714,5.005343941551205,108.47177505963796,111.63881293655018,2,,,,0.0
2021,weekday,10,2,"Tint, Text-Tc",36,19.2791549,43.52306708561659,OK,,0.7894188425902768,0.7766563482018087,2.445077142367445,26.74678464513911,-0.03506789291878175,68.37352049198013,71.54055836889235,2,0.007678,1.397388,,
2021,weekday,11,2,"Tint, Text-Tint",36,19.2791549,43.52306708561659,OK,,0.6142821820671323,0.5909053446166554,3.309159207945327,36.19900867654982,0.7145743745776219,90.16197818044509,93.32901605735731,2,0.266729,,2.720128,
2021,weekday,12,2,"Tint, Tint-Tc",36,19.2791549,43.52306708561659,OK,,0.28504048536063264,0.24170960568551947,4.505298147115075,49.28361449829551,3.757773007814838,112.37829305800216,115.54533093491438,2,0.0,,,1.347375
2021,weekday,13,2,"Text-Tc, Text-Tint",36,19.2791549,43.52306708561659,OK,,0.7935917737891619,0.7810821843218384,2.4207297768460534,26.480447959480756,-1.5539556454097416,67.6529719879781,70.82000986489032,2,,1.365836,0.329609,
2021,weekday,14,2,"Text-Tc, Tint-Tc",36,19.2791549,43.52306708561659,OK,,0.789285983021995,0.7765154365384795,2.4458483430649056,26.755220836625977,-0.16710651616794875,68.39622639941737,71.56326427632959,2,,1.400191,,0.024444
2021,weekday,15,2,"Text-Tint, Tint-Tc",36,19.2791549,43.52306708561659,OK,,0.6905967074386528,0.671844992737965,2.9637753184480227,32.42084219165097,1.8148031417510992,82.22540087690301,85.39243875381523,2,,,2.444777,1.042937
2021,weekday,16,3,"Text, Tint, Text-Tc",36,19.2791549,43.52306708561659,OK,0.010644,0.7894629019557616,0.7697250490141143,2.4448213403186956,26.743986417553106,-4.2848000466180174e-08,70.36598751451979,75.11654432988811,3,0.0,1.386754,,
2021,weekday,17,3,"Text, Tint, Text-Tint",36,19.2791549,43.52306708561659,OK,0.292917,0.672595415163049,0.6419012353345848,3.048773703837184,33.35064251156529,1.7602828916668565,86.26124007270009,91.01179688806842,3,0.0,,2.216615,
2021,weekday,18,3,"Text, Tint, Tint-Tc",36,19.2791549,43.52306708561659,OK,0.373883,0.3585626424251004,0.2984278901524535,4.267366429945585,46.68087109641714,5.00534393169395,110.47177505963796,115.22233187500629,3,0.0,,,0.0
2021,weekday,19,3,"Text, Text-Tc, Text-Tint",36,19.2791549,43.52306708561659,OK,0.050953,0.7985071107250624,0.7796171523555371,2.3917328786529,26.163249872798573,4.024719239661924e-09,68.78530730750131,73.53586412286964,3,,1.152233,0.578208,
2021,weekday,20,3,"Text, Text-Tc, Tint-Tc",36,19.2791549,43.52306708561659,OK,0.010644,0.7894629019557615,0.7697250490141141,2.444821340318696,26.74398641755311,1.7917957679975585e-08,70.36598751451979,75.11654432988811,3,,1.386754,,0.0
2021,weekday,21,3,"Text, Text-Tint, Tint-Tc",36,19.2791549,43.52306708561659,OK,0.0,0.6905967074386528,0.6615901487610265,2.9637753184480227,32.42084219165097,1.8148031465221566,84.22540087690301,88.97595769227134,3,,,2.444777,1.042937
2021,weekday,22,3,"Tint, Text-Tc, Text-Tint",36,19.2791549,43.52306708561659,OK,,0.7987288504686479,0.7798596802000837,2.390416484248609,26.148849788224737,0.03275209398455576,68.74566806066464,73.49622487603297,3,0.041205,1.185173,0.598167,
2021,weekday,23,3,"Tint, Text-Tc, Tint-Tc",36,19.2791549,43.52306708561659,OK,,0.7894188425902768,0.7696768590831153,2.4450771423674453,26.746784645139115,-0.035067923917983565,70.37352049198014,75.12407730734847,3,0.007678,1.397388,,0.0
2021,weekday,24,3,"Tint, Text-Tint, Tint-Tc",36,19.2791549,43.52306708561659,OK,,0.6905967074386528,0.6615901487610265,2.9637753184480227,32.42084219165097,1.8148031402880813,84.22540087690301,88.97595769227134,3,0.0,,2.444777,1.042937
2021,weekday,25,3,"Text-Tc, Text-Tint, Tint-Tc",36,19.2791549,43.52306708561659,OK,,0.7993609782275775,0.7805510699364129,2.386659768707279,26.10775494511492,0.08452506501688553,68.6324257507614,73.38298256612973,3,,1.121934,0.664805,0.204561
2021,weekday,26,4,"Text, Tint, Text-Tc, Text-Tint",36,19.2791549,43.52306708561659,OK,0.0,0.7987288504686478,0.7727583795613766,2.3904164842486093,26.148849788224744,0.032752085467814926,70.74566806066466,77.07974381448909,4,0.041205,1.185173,0.598167,
2021,weekday,27,4,"Text, Tint, Text-Tc, Tint-Tc",36,19.2791549,43.52306708561659,OK,0.010644,0.7894629019557391,0.7622968247887377,2.4448213403188266,26.743986417554538,-1.3909132332739784e-08,72.36598751452364,78.70006326834807,4,0.0,1.386754,,0.0
2021,weekday,28,4,"Text, Tint, Text-Tint, Tint-Tc",36,19.2791549,43.52306708561659,OK,0.0,0.6905967074386528,0.650673701946866,2.9637753184480227,32.42084219165097,1.8148031080622455,86.22540087690301,92.55947663072745,4,0.0,,2.444777,1.042937
2021,weekday,29,4,"Text, Text-Tc, Text-Tint, Tint-Tc",36,19.2791549,43.52306708561659,OK,0.0,0.7993609782275775,0.7734720721924262,2.386659768707279,26.10775494511492,0.08452500122582884,70.6324257507614,76.96650150458584,4,,1.121934,0.664805,0.204561
2021,weekday,30,4,"Tint, Text-Tc, Text-Tint, Tint-Tc",36,19.2791549,43.52306708561659,OK,,0.7993609782275766,0.7734720721924252,2.3866597687072844,26.107754945114976,0.08452501769128168,70.63242575076157,76.966501504586,4,0.0,1.121934,0.664805,0.204561
2021,weekday,31,5,"Text, Tint, Text-Tc, Text-Tint, Tint-Tc",36,19.2791549,43.52306708561659,OK,0.0,0.7993609782275775,0.765921141265507,2.386659768707279,26.10775494511492,0.08452506013720111,72.6324257507614,80.55002044304194,5,0.0,1.121934,0.664805,0.204561
2021,weekend,1,1,Text,6,24.57153409,26.279325756657098,OK,0.140464,0.20603066939574022,0.0075383367446753,1.7909620506706974,47.5365266858038,2.4317088009428667,8.993035207387912,8.784794676615967,1,,,,
2021,weekend,2,1,Tint,6,24.57153409,26.279325756657098,OK,,0.0243450877515059,-0.21956864031061762,1.9853296921436185,52.695520742810274,0.2719401557218236,10.229419905290968,10.021179374519022,1,0.136374,,,
2021,weekend,3,1,Text-Tc,6,24.57153409,26.279325756657098,OK,,-0.1340777098548065,-0.4175971373185081,2.140454140045965,56.81290416507149,-26.974497045634205,11.132216257930482,10.923975727158536,1,,0.947787,,
2021,weekend,4,1,Text-Tint,6,24.57153409,26.279325756657098,OK,,-1.2155738959404063,-1.7694673699255077,2.9917661211618025,79.40881271215795,-59.18645235537872,15.150366667953316,14.94212613718137,1,,,2.424084,
2021,weekend,5,1,Tint-Tc,6,24.57153409,26.279325756657098,OK,,-0.12537891118079547,-0.4067236389759943,2.132229297311955,56.59459666047339,-7.022638295211219,11.086016610254278,10.877776079482333,1,,,,1.119059
2021,weekend,6,2,"Text, Tint",6,24.57153409,26.279325756657098,OK,0.140464,0.2060306691768915,-0.3232822180385142,1.7909620509175266,47.53652669235525,2.4317088113457874,10.993035209041743,10.576554147497852,2,0.0,,,
2021,weekend,7,2,"Text, Text-Tc",6,24.57153409,26.279325756657098,OK,0.092825,0.43969385457213717,0.06615642428689528,1.5045173938336276,39.93358274366834,-9.384392923414826e-09,8.901666138721867,8.485185077177977,2,,0.419331,,
2021,weekend,8,2,"Text, Text-Tint",6,24.57153409,26.279325756657098,OK,0.115176,0.44373792917465416,0.07289654862442363,1.4990780468699756,39.78920913061821,0.10577824551973487,8.858203404671041,8.44172234312715,2,,,0.957139,
2021,weekend,9,2,"Text, Tint-Tc",6,24.57153409,26.279325756657098,OK,0.140464,0.2060306693957379,-0.3232822176737702,1.7909620506706998,47.53652668580386,2.4317087999985967,10.99303520738793,10.576554145844039,2,,,,0.0
2021,weekend,10,2,"Tint, Text-Tc",6,24.57153409,26.279325756657098,OK,,0.4075167550492024,0.012527925082003954,1.5471148571814157,41.064223927506575,-0.7807030500752528,9.236701767312155,8.820220705768264,2,0.082951,0.496148,,
2021,weekend,11,2,"Tint, Text-Tint",6,24.57153409,26.279325756657098,OK,,0.3943420109735154,-0.009429981710807667,1.564221479487778,41.518275652089926,-0.7659449236465001,9.368658916277589,8.952177854733698,2,0.108655,,1.148851,
2021,weekend,12,2,"Tint, Tint-Tc",6,24.57153409,26.279325756657098,OK,,0.041991189893035075,-0.5966813501782748,1.9672940189467005,52.21680972830237,-3.871190070441359e-08,12.119908048733285,11.703426987189395,2,0.104005,,,0.283174
2021,weekend,13,2,"Text-Tc, Text-Tint",6,24.57153409,26.279325756657098,OK,,-0.13407770985480694,-0.8901295164246783,2.1404541400459656,56.8129041650715,-26.974496884069875,13.132216257930484,12.715735196386593,2,,0.947787,0.0,
2021,weekend,14,2,"Text-Tc, Tint-Tc",6,24.57153409,26.279325756657098,OK,,0.07434599574113088,-0.5427566737647818,1.9337880056615113,51.32747793365612,-11.888080793952403,11.913769318926073,11.497288257382184,2,,0.497434,,0.599208
2021,weekend,15,2,"Text-Tint, Tint-Tc",6,24.57153409,26.279325756657098,OK,,-0.038957297659368395,-0.7315954960989473,2.048723594323881,54.378150434255026,-10.788995206354805,12.606603547796723,12.190122486252832,2,,,0.668796,0.9382
2021,weekend,16,3,"Text, Tint, Text-Tc",6,24.57153409,26.279325756657098,OK,0.092825,0.43969385457213717,-0.4007653635696571,1.5045173938336276,39.93358274366834,-2.519193318053101e-08,10.901666138721867,10.276944546406032,3,0.0,0.419331,,
2021,weekend,17,3,"Text, Tint, Text-Tint",6,24.57153409,26.279325756657098,OK,0.115176,0.44373792917465404,-0.39065517706336483,1.4990780468699758,39.78920913061822,0.10577822592458849,10.858203404671043,10.233481812355208,3,0.0,,0.957139,
2021,weekend,18,3,"Text, Tint, Tint-Tc",6,24.57153409,26.279325756657098,OK,0.140464,0.20603066939574022,-0.9849233265106494,1.7909620506706974,47.5365266858038,2.431708781083771,12.993035207387912,12.368313615072077,3,0.0,,,0.0
2021,weekend,19,3,"Text, Text-Tc, Text-Tint",6,24.57153409,26.279325756657098,OK,0.104865,0.44812982344047714,-0.37967544139880705,1.493148432442297,39.63182261627398,7.458015884902314e-09,10.810643190384235,10.1859215980684,3,,0.18119,0.568287,
2021,weekend,20,3,"Text, Text-Tc, Tint-Tc",6,24.57153409,26.279325756657098,OK,0.092825,0.43969385457213717,-0.4007653635696571,1.5045173938336276,39.93358274366834,2.5290873116640606e-08,10.901666138721867,10.276944546406032,3,,0.419331,,0.0
2021,weekend,21,3,"Text, Text-Tint, Tint-Tc",6,24.57153409,26.279325756657098,OK,0.115176,0.4437379291746538,-0.3906551770633655,1.499078046869976,39.789209130618225,0.10577823468602111,10.858203404671045,10.233481812355212,3,,,0.957139,0.0
2021,weekend,22,3,"Tint, Text-Tc, Text-Tint",6,24.57153409,26.279325756657098,OK,,0.4114505060064164,-0.47137373498395885,1.5419703234658713,40.92767538134201,-0.7986925468139148,11.19673235368293,10.572010761367096,3,0.0904,0.340704,0.384968,
2021,weekend,23,3,"Tint, Text-Tc, Tint-Tc",6,24.57153409,26.279325756657098,OK,,0.4075167550492025,-0.4812081123769938,1.5471148571814153,41.06422392750657,-0.7807030331561012,11.236701767312152,10.611980174996317,3,0.082951,0.496148,,0.0
2021,weekend,24,3,"Tint, Text-Tint, Tint-Tc",6,24.57153409,26.279325756657098,OK,,0.3943420109735154,-0.5141449725662115,1.564221479487778,41.518275652089926,-0.7659449225927878,11.368658916277589,10.743937323961752,3,0.108655,,1.148851,0.0
2021,weekend,25,3,"Text-Tc, Text-Tint, Tint-Tc",6,24.57153409,26.279325756657098,OK,,0.07434599574113077,-1.3141350106471732,1.9337880056615113,51.32747793365612,-11.888081157865082,13.913769318926075,13.289047726610239,3,,0.497434,0.0,0.599208
2021,weekend,26,4,"Text, Tint, Text-Tc, Text-Tint",6,24.57153409,26.279325756657098,OK,0.104865,0.4481298234404767,-1.7593508827976168,1.4931484324422974,39.631822616273986,2.822362703799839e-09,12.810643190384239,11.977681067296459,4,0.0,0.18119,0.568287,
2021,weekend,27,4,"Text, Tint, Text-Tc, Tint-Tc",6,24.57153409,26.279325756657098,OK,0.092825,0.4396938545721235,-1.8015307271393826,1.5045173938336458,39.93358274366882,-1.1884212182021126e-08,12.901666138722012,12.068704015634232,4,0.0,0.419331,,0.0
2021,weekend,28,4,"Text, Tint, Text-Tint, Tint-Tc",6,24.57153409,26.279325756657098,OK,0.115176,0.443737929174131,-1.781310354129345,1.4990780468706804,39.78920913063692,0.10577823827665302,12.858203404676685,12.025241281588904,4,0.0,,0.957139,0.0
2021,weekend,29,4,"Text, Text-Tc, Text-Tint, Tint-Tc",6,24.57153409,26.279325756657098,OK,0.104865,0.44812982344047714,-1.759350882797614,1.493148432442297,39.63182261627398,-1.6435932518965262e-08,12.810643190384233,11.977681067296455,4,,0.18119,0.568287,0.0
2021,weekend,30,4,"Tint, Text-Tc, Text-Tint, Tint-Tc",6,24.57153409,26.279325756657098,OK,,0.4114505060064164,-1.9427474699679177,1.5419703234658713,40.92767538134201,-0.7986925481981074,13.19673235368293,12.36377023059515,4,0.0904,0.340704,0.384968,0.0
2021,weekend,31,5,"Text, Tint, Text-Tc, Text-Tint, Tint-Tc",6,24.57153409,26.279325756657098,OK,0.104865,0.448129823440477,-1.759350882797615,1.493148432442297,39.63182261627398,-1.1316848236897515e-08,14.810643190384235,13.76944053652451,5,0.0,0.18119,0.568287,0.0
2022,weekday,1,1,Text,32,19.10349694,46.125006647939166,OK,0.28579,0.18470816161956172,0.15753176700688043,3.905101652960293,63.14936661986016,3.924379955610709,89.18616412420991,90.65190002700963,1,,,,
2022,weekday,2,1,Tint,32,19.10349694,46.125006647939166,OK,,0.06569344067778926,0.034549888700382225,4.180425564701423,67.60162732569214,1.5432317081649665,93.54643526986347,95.01217117266319,1,0.243709,,,
2022,weekday,3,1,Text-Tc,32,19.10349694,46.125006647939166,OK,,0.4865400429146286,0.46942471101178296,3.099053588669155,50.11477002067471,-6.693841767655711,74.3901933377131,75.85592924051282,1,,1.705255,,
2022,weekday,4,1,Text-Tint,32,19.10349694,46.125006647939166,OK,,-1.6526110284007487,-1.7410313960141073,7.043890263083921,113.90669134473173,-89.99335039274482,126.93827915098069,128.40401505378043,1,,,11.799561,
2022,weekday,5,1,Tint-Tc,32,19.10349694,46.125006647939166,OK,,0.2343051516442568,0.20878199003239872,3.7844577280865934,61.19843470582591,4.795013143752018,87.17776690919571,88.64350281199543,1,,,,0.972709
2022,weekday,6,2,"Text, Tint",32,19.10349694,46.125006647939166,OK,0.28579,0.18470816161956172,0.1284811382829798,3.905101652960293,63.14936661986016,3.9243799304714035,91.18616412420991,94.11763592980937,2,0.0,,,
2022,weekday,7,2,"Text, Text-Tc",32,19.10349694,46.125006647939166,OK,0.073018,0.5174093834943336,0.4841272720111842,3.0044517415472094,48.584964331163135,1.3145664188784033e-08,74.40608656672393,77.33755837232339,2,,1.342328,,
2022,weekday,8,2,"Text, Text-Tint",32,19.10349694,46.125006647939166,OK,0.273654,0.23241251791224815,0.17947545018205835,3.7891320260343697,61.27402273938473,3.14702530538892,89.2567664632656,92.18823826886506,2,,,4.287077,
2022,weekday,9,2,"Text, Tint-Tc",32,19.10349694,46.125006647939166,OK,0.0,0.2343051516442568,0.18149861037834347,3.7844577280865934,61.19843470582591,4.795013158229187,89.17776690919571,92.10923871479517,2,,,,0.972709
2022,weekday,10,2,"Tint, Text-Tc",32,19.10349694,46.125006647939166,OK,,0.5210885604336799,0.488060185291175,2.99297715201667,48.3994088385098,0.3829817755839943,74.16119008222856,77.09266188782802,2,0.059544,1.381173,,
2022,weekday,11,2,"Tint, Text-Tint",32,19.10349694,46.125006647939166,OK,,0.15106321586752858,0.09251585144459962,3.9848637067268293,64.43919813342337,1.401481469774559,92.48019904532012,95.41167085091958,2,0.231834,,5.666963,
2022,weekday,12,2,"Tint, Tint-Tc",32,19.10349694,46.125006647939166,OK,,0.2343051516442568,0.18149861037834347,3.7844577280865934,61.19843470582591,4.795013182935247,89.1777669091957,92.10923871479515,2,0.0,,,0.972709
2022,weekday,13,2,"Text-Tc, Text-Tint",32,19.10349694,46.125006647939166,OK,,0.4865400429146286,0.4511290113914995,3.099053588669155,50.11477002067471,-6.69384181932491,76.3901933377131,79.32166514331256,2,,1.705255,0.0,
2022,weekday,14,2,"Text-Tc, Tint-Tc",32,19.10349694,46.125006647939166,OK,,0.5340588306599465,0.5019249569123567,2.952169837080951,47.73951408527223,1.5077657062200611,73.2825880300692,76.21405983566866,2,,1.260909,,0.301803
2022,weekday,15,2,"Text-Tint, Tint-Tc",32,19.10349694,46.125006647939166,OK,,0.2974357142220392,0.2489830048580418,3.6250903111977357,58.62130552181466,4.373168822902201,86.42426889153279,89.35574069713225,2,,,4.896415,0.930251
2022,weekday,16,3,"Text, Tint, Text-Tc",32,19.10349694,46.125006647939166,OK,0.0,0.5210885604336799,0.46977662048014557,2.99297715201667,48.3994088385098,0.38298173670951324,76.16119008222856,80.55839779062774,3,0.059544,1.381173,,
2022,weekday,17,3,"Text, Tint, Text-Tint",32,19.10349694,46.125006647939166,OK,0.273654,0.2324125179122476,0.15017100197427413,3.789132026034371,61.27402273938476,3.1470249844863325,91.25676646326563,95.65397417166481,3,0.0,,4.287077,
2022,weekday,18,3,"Text, Tint, Tint-Tc",32,19.10349694,46.125006647939166,OK,0.0,0.2343051516442567,0.15226641789185558,3.784457728086594,61.198434705825925,4.795013078078019,91.17776690919571,95.57497461759489,3,0.0,,,0.972709
2022,weekday,19,3,"Text, Text-Tc, Text-Tint",32,19.10349694,46.125006647939166,OK,0.073018,0.5174093834943336,0.46570324601158364,3.0044517415472094,48.584964331163135,-1.4246556132486072e-08,76.40608656672391,80.8032942751231,3,,1.342328,0.0,
2022,weekday,20,3,"Text, Text-Tc, Tint-Tc",32,19.10349694,46.125006647939166,OK,0.0,0.5340588306599465,0.4841365625163694,2.952169837080951,47.73951408527223,1.5077654786274053,75.2825880300692,79.67979573846839,3,,1.260909,,0.301803
2022,weekday,21,3,"Text, Text-Tint, Tint-Tc",32,19.10349694,46.125006647939166,OK,0.0,0.2974357142220392,0.2221609693172576,3.6250903111977357,58.62130552181466,4.373168563495791,88.42426889153279,92.82147659993197,3,,,4.896415,0.930251
2022,weekday,22,3,"Tint, Text-Tc, Text-Tint",32,19.10349694,46.125006647939166,OK,,0.5210885604336799,0.46977662048014557,2.9929771520166697,48.399408838509785,0.38298175525492767,76.16119008222854,80.55839779062772,3,0.059544,1.381173,0.0,
2022,weekday,23,3,"Tint, Text-Tc, Tint-Tc",32,19.10349694,46.125006647939166,OK,,0.5340588306599465,0.4841365625163694,2.952169837080951,47.73951408527223,1.5077655782946997,75.2825880300692,79.67979573846839,3,0.0,1.260909,,0.301803
2022,weekday,24,3,"Tint, Text-Tint, Tint-Tc",32,19.10349694,46.125006647939166,OK,,0.2974357142220393,0.22216096931725782,3.6250903111977353,58.62130552181465,4.373168511868633,88.42426889153279,92.82147659993197,3,0.0,,4.896415,0.930251
2022,weekday,25,3,"Text-Tc, Text-Tint, Tint-Tc",32,19.10349694,46.125006647939166,OK,,0.5340588306599459,0.4841365625163686,2.952169837080953,47.73951408527227,1.5077656970147224,75.28258803006926,79.67979573846844,3,,1.260909,0.0,0.301803
2022,weekday,26,4,"Text, Tint, Text-Tc, Text-Tint",32,19.10349694,46.125006647939166,OK,0.0,0.5210885604336727,0.4501387175349575,2.9929771520166923,48.399408838510155,0.3829817432121878,78.16119008222903,84.02413369342793,4,0.059544,1.381173,0.0,
2022,weekday,27,4,"Text, Tint, Text-Tc, Tint-Tc",32,19.10349694,46.125006647939166,OK,0.0,0.5340588306599465,0.4650305092762349,2.952169837080951,47.73951408527223,1.5077654563929141,77.2825880300692,83.14553164126811,4,0.0,1.260909,,0.301803
2022,weekday,28,4,"Text, Tint, Text-Tint, Tint-Tc",32,19.10349694,46.125006647939166,OK,0.0,0.29743571422201365,0.19335211632897853,3.6250903111978015,58.621305521815714,4.373168638836452,90.42426889153396,96.28721250273286,4,0.0,,4.896415,0.930251
2022,weekday,29,4,"Text, Text-Tc, Text-Tint, Tint-Tc",32,19.10349694,46.125006647939166,OK,0.0,0.5340588306599233,0.46503050927620826,2.9521698370810245,47.73951408527343,1.507765644612573,77.2825880300708,83.1455316412697,4,,1.260909,0.0,0.301803
2022,weekday,30,4,"Tint, Text-Tc, Text-Tint, Tint-Tc",32,19.10349694,46.125006647939166,OK,,0.5340588306599461,0.46503050927623435,2.9521698370809526,47.73951408527226,1.5077655634035299,77.28258803006925,83.14553164126815,4,0.0,1.260909,0.0,0.301803
2022,weekday,31,5,"Text, Tint, Text-Tc, Text-Tint, Tint-Tc",32,19.10349694,46.125006647939166,OK,0.0,0.534058830659836,0.4444547596328813,2.952169837081301,47.739514085277904,1.507765570172293,79.28258803007681,86.61126754407545,5,0.0,1.260909,0.0,0.301803
2022,weekend,1,1,Text,13,19.0,28.97834680297339,OK,0.157795,0.2791057860035224,0.2135699483674791,1.569527988718836,42.34243646252649,2.732129903708284,13.720148180774377,14.285097538235913,1,,,,
2022,weekend,2,1,Tint,13,19.0,28.97834680297339,OK,,0.1145916717372144,0.034100005531506716,1.7394225504983414,46.925820600422334,1.3123954873213561,16.392382956034172,16.95733231349571,1,0.143828,,,
2022,weekend,3,1,Text-Tc,13,19.0,28.97834680297339,OK,,0.39976920456178655,0.34520276861285804,1.4321629408009058,38.636627547080124,-7.8164888356186975,11.338832036068974,11.90378139353051,1,,0.66573,,
2022,weekend,4,1,Text-Tint,13,19.0,28.97834680297339,OK,,-2.4093990922866855,-2.719344464312748,3.413282352775111,92.08290147728832,-75.35241575616139,33.919534273154824,34.48448363061636,1,,,6.3162,
2022,weekend,5,1,Tint-Tc,13,19.0,28.97834680297339,OK,,0.34149216525879045,0.28162781664595327,1.5000777451555038,40.46882060698014,2.765921292395938,12.543440358591983,13.10838971605352,1,,,,0.535739
2022,weekend,6,2,"Text, Tint",13,19.0,28.97834680297339,OK,0.157795,0.2791057860035224,0.13492694320422705,1.569527988718836,42.34243646252649,2.7321299003936304,15.720148180774377,16.85004689569745,2,0.0,,,
2022,weekend,7,2,"Text, Text-Tc",13,19.0,28.97834680297339,OK,0.067158,0.5079593842732715,0.4095512611279257,1.2966828635704857,34.98167102301721,-6.9195438127380225e-09,10.75504336181982,11.884942076742892,2,,0.406421,,
2022,weekend,8,2,"Text, Text-Tint",13,19.0,28.97834680297339,OK,0.144163,0.3935325288591742,0.27223903463100907,1.439584131039325,38.83683504793717,1.2888934707579407,13.473211123704944,14.603109838628018,2,,,1.90456,
2022,weekend,9,2,"Text, Tint-Tc",13,19.0,28.97834680297339,OK,0.0,0.34149216525879045,0.20979059831054858,1.500077745155504,40.468820606980145,2.7659212780253895,14.543440358591987,15.67333907351506,2,,,,0.535739
2022,weekend,10,2,"Tint, Text-Tc",13,19.0,28.97834680297339,OK,,0.506684498308233,0.4080213979698797,1.2983616409909509,35.02696077049014,-0.048291988025805296,10.788683030769068,11.91858174569214,2,0.052841,0.453025,,
2022,weekend,11,2,"Tint, Text-Tint",13,19.0,28.97834680297339,OK,,0.3226061085124958,0.18712733021499495,1.5214368566349044,41.045042775181656,0.5346301570850231,14.911034907786863,16.040933622709936,2,0.128866,,2.501535,
2022,weekend,12,2,"Tint, Tint-Tc",13,19.0,28.97834680297339,OK,,0.34149216525879034,0.20979059831054836,1.500077745155504,40.468820606980145,2.7659213260014606,14.543440358591988,15.673339073515063,2,0.0,,,0.535739
2022,weekend,13,2,"Text-Tc, Text-Tint",13,19.0,28.97834680297339,OK,,0.39976920456178655,0.27972304547414384,1.4321629408009058,38.636627547080124,-7.8164888279445535,13.338832036068974,14.468730750992048,2,,0.66573,0.0,
2022,weekend,14,2,"Text-Tc, Tint-Tc",13,19.0,28.97834680297339,OK,,0.5009172910016484,0.401100749201978,1.3059289715744857,35.23111081861117,-0.3053722266007636,10.93978072160239,12.069679436525462,2,,0.380158,,0.245303
2022,weekend,15,2,"Text-Tint, Tint-Tc",13,19.0,28.97834680297339,OK,,0.4095365014815042,0.29144380177780504,1.4204626621753642,38.32097958931401,1.2105134217068274,13.1255485614663,14.255447276389372,2,,,1.498282,0.49715
2022,weekend,16,3,"Text, Tint, Text-Tc",13,19.0,28.97834680297339,OK,0.067158,0.5079593842732713,0.34394584569769504,1.296682863570486,34.98167102301722,-1.7227036094082166e-09,12.755043361819823,14.449891434204433,3,0.0,0.406421,,
2022,weekend,17,3,"Text, Tint, Text-Tint",13,19.0,28.97834680297339,OK,0.144163,0.39353252885917445,0.19137670514556593,1.439584131039325,38.83683504793717,1.2888934753609378,15.473211123704942,17.16805919608955,3,0.0,,1.90456,
2022,weekend,18,3,"Text, Tint, Tint-Tc",13,19.0,28.97834680297339,OK,0.0,0.34149216525879045,0.12198955367838726,1.500077745155504,40.468820606980145,2.7659213081122282,16.543440358591987,18.238288430976596,3,0.0,,,0.535739
2022,weekend,19,3,"Text, Text-Tc, Text-Tint",13,19.0,28.97834680297339,OK,0.067158,0.5079593842732715,0.34394584569769526,1.2966828635704857,34.98167102301721,-3.4321567230423287e-09,12.75504336181982,14.449891434204428,3,,0.406421,0.0,
2022,weekend,20,3,"Text, Text-Tc, Tint-Tc",13,19.0,28.97834680297339,OK,0.067158,0.5079593842732713,0.34394584569769504,1.296682863570486,34.98167102301722,2.060467759755144e-08,12.75504336181982,14.44989143420443,3,,0.406421,,0.0
2022,weekend,21,3,"Text, Text-Tint, Tint-Tc",13,19.0,28.97834680297339,OK,0.0,0.409536501481504,0.21271533530867204,1.4204626621753644,38.320979589314014,1.210513278714399,15.125548561466307,16.82039663385092,3,,,1.498282,0.49715
2022,weekend,22,3,"Tint, Text-Tc, Text-Tint",13,19.0,28.97834680297339,OK,,0.5066844983082321,0.3422459977443095,1.298361640990952,35.02696077049017,-0.04829198705564193,12.788683030769091,14.483531103153702,3,0.052841,0.453025,0.0,
2022,weekend,23,3,"Tint, Text-Tc, Tint-Tc",13,19.0,28.97834680297339,OK,,0.5066844983082328,0.3422459977443104,1.298361640990951,35.02696077049015,-0.04829199070176771,12.788683030769075,14.483531103153686,3,0.052841,0.453025,,0.0
2022,weekend,24,3,"Tint, Text-Tint, Tint-Tc",13,19.0,28.97834680297339,OK,,0.40953650148150433,0.21271533530867237,1.4204626621753642,38.32097958931401,1.2105132559005924,15.1255485614663,16.820396633850912,3,0.0,,1.498282,0.49715
2022,weekend,25,3,"Text-Tc, Text-Tint, Tint-Tc",13,19.0,28.97834680297339,OK,,0.5009172910016484,0.3345563880021979,1.3059289715744855,35.231110818611164,-0.3053722070615077,12.939780721602386,14.634628793986996,3,,0.380158,0.0,0.245303
2022,weekend,26,4,"Text, Tint, Text-Tc, Text-Tint",13,19.0,28.97834680297339,OK,0.067158,0.5079593842732701,0.2619390764099052,1.2966828635704872,34.98167102301725,-1.3855723089324866e-08,14.75504336181985,17.014840791665996,4,0.0,0.406421,0.0,
2022,weekend,27,4,"Text, Tint, Text-Tc, Tint-Tc",13,19.0,28.97834680297339,OK,0.067158,0.5079593842732713,0.2619390764099069,1.296682863570486,34.98167102301722,1.311754937892587e-08,14.755043361819823,17.014840791665968,4,0.0,0.406421,,0.0
2022,weekend,28,4,"Text, Tint, Text-Tint, Tint-Tc",13,19.0,28.97834680297339,OK,0.0,0.4095365014815041,0.11430475222225622,1.4204626621753644,38.320979589314014,1.2105131726135967,17.125548561466303,19.385345991312448,4,0.0,,1.498282,0.49715
2022,weekend,29,4,"Text, Text-Tc, Text-Tint, Tint-Tc",13,19.0,28.97834680297339,OK,0.067158,0.5079593842732667,0.2619390764099001,1.296682863570492,34.98167102301738,-2.56851193193291e-08,14.755043361819943,17.01484079166609,4,,0.406421,0.0,0.0
2022,weekend,30,4,"Tint, Text-Tc, Text-Tint, Tint-Tc",13,19.0,28.97834680297339,OK,,0.5066844983082321,0.2600267474623482,1.298361640990952,35.02696077049017,-0.04829199686920903,14.788683030769093,17.048480460615238,4,0.052841,0.453025,0.0,0.0
2022,weekend,31,5,"Text, Tint, Text-Tc, Text-Tint, Tint-Tc",13,19.0,28.97834680297339,OK,0.067158,0.5079593842732713,0.1565018016113221,1.296682863570486,34.98167102301722,-1.1209147139772068e-08,16.75504336181982,19.579790149127504,5,0.0,0.406421,0.0,0.0
2023,weekday,1,1,Text,57,19.0,46.05419082119564,OK,0.658774,0.2680842395933426,0.25477668031322154,7.328132959377659,43.850771949476695,2.7942861107296273,229.0561679198911,231.09921918772565,1,,,,
2023,weekday,2,1,Tint,57,19.0,46.05419082119564,OK,,0.09363216768320892,0.0771527525501764,8.154832269540469,48.797653115756425,1.1656258380106483,241.2416161583006,243.28466742613514,1,0.644153,,,
2023,weekday,3,1,Text-Tc,57,19.0,46.05419082119564,OK,,0.48816614800399316,0.47886007796770214,6.128120466037761,36.670024210090745,-2.088008560925592,208.66924232168097,210.71229358951553,1,,2.312255,,
2023,weekday,4,1,Text-Tint,57,19.0,46.05419082119564,OK,,-1.230973609610217,-1.2715367661485848,12.794107853123434,76.55858714277069,-50.680090848562386,292.584260470493,294.62731173832753,1,,,8.403861,
2023,weekday,5,1,Tint-Tc,57,19.0,46.05419082119564,OK,,0.30037537396390557,0.28765492621779476,7.164655861340526,42.872542298796695,3.1130729312705867,226.48424337541704,228.5272946432516,1,,,,2.378169
2023,weekday,6,2,"Text, Tint",57,19.0,46.05419082119564,OK,0.658774,0.2680842395933425,0.24097624846717003,7.328132959377659,43.850771949476695,2.794286112385919,231.0561679198911,235.1422704555602,2,0.0,,,
2023,weekday,7,2,"Text, Text-Tc",57,19.0,46.05419082119564,OK,0.122191,0.4992072997616296,0.4806594219750233,6.0616629704561475,36.272349591025126,3.859510610832116e-07,209.42619652030143,213.51229905597054,2,,1.911297,,
2023,weekday,8,2,"Text, Text-Tint",57,19.0,46.05419082119564,OK,0.559978,0.37861995736022547,0.35560588170690055,6.75214004338074,40.40409130873133,1.19693592674767,221.72398278346884,225.81008531913795,2,,,2.354619,
2023,weekday,9,2,"Text, Tint-Tc",57,19.0,46.05419082119564,OK,0.0,0.30037537396379,0.2744633507772636,7.164655861341118,42.87254229880024,3.113072907125134,228.48424337542644,232.57034591109556,2,,,,2.378169
2023,weekday,10,2,"Tint, Text-Tc",57,19.0,46.05419082119564,OK,,0.5040351349782233,0.4856660659033426,6.032373822711587,36.097086431164236,0.4102652022566256,208.87402863331357,212.96013116898268,2,0.112355,1.954541,,
2023,weekday,11,2,"Tint, Text-Tint",57,19.0,46.05419082119564,OK,,0.3474648860663614,0.3232969188836341,6.919341003361687,41.404604155114065,0.8186032698988032,224.51254091781237,228.5986434534815,2,0.517454,,3.331448,
2023,weekday,12,2,"Tint, Tint-Tc",57,19.0,46.05419082119564,OK,,0.3003753739639048,0.2744633507773827,7.164655861340529,42.872542298796716,3.113072938793785,228.4842433754171,232.5703459110862,2,0.0,,,2.378169
2023,weekday,13,2,"Text-Tc, Text-Tint",57,19.0,46.05419082119564,OK,,0.48816614800394675,0.46920933867075965,6.128120466038039,36.670024210092414,-2.088008638351119,210.66924232168614,214.75534485735525,2,,2.312255,0.0,
2023,weekday,14,2,"Text-Tc, Tint-Tc",57,19.0,46.05419082119564,OK,,0.5240871888128218,0.5064607883984817,5.909170061927332,35.359848167691595,1.546055207987463,206.52161469973768,210.6077172354068,2,,1.675177,,0.706004
2023,weekday,15,2,"Text-Tint, Tint-Tc",57,19.0,46.05419082119564,OK,,0.46807482582927507,0.4483738934525816,6.247238167974594,37.382811929927826,2.250294876910482,212.863899917522,216.9500024531911,2,,,2.778831,1.982143
2023,weekday,16,3,"Text, Tint, Text-Tc",57,19.0,46.05419082119564,OK,0.0,0.5040351349782228,0.4759616520524619,6.032373822711589,36.09708643116426,0.41026499150138235,210.8740286333136,217.00318243681724,3,0.112355,1.954541,,
2023,weekday,17,3,"Text, Tint, Text-Tint",57,19.0,46.05419082119564,OK,0.559978,0.3786199573602256,0.3434475021164648,6.752140043380739,40.404091308731324,1.1969358748047119,223.72398278346884,229.85313658697248,3,0.0,,2.354619,
2023,weekday,18,3,"Text, Tint, Tint-Tc",57,19.0,46.05419082119564,OK,0.0,0.30037537396390535,0.260773980037334,7.164655861340527,42.8725422987967,3.1130729401606576,230.48424337541704,236.61339717892068,3,0.0,,,2.378169
2023,weekday,19,3,"Text, Text-Tc, Text-Tint",57,19.0,46.05419082119564,OK,0.122191,0.49920729976163003,0.4708605431443639,6.061662970456145,36.27234959102511,3.0718928668732236e-08,211.42619652030137,217.55535032380502,3,,1.911297,0.0,
2023,weekday,20,3,"Text, Text-Tc, Tint-Tc",57,19.0,46.05419082119564,OK,0.0,0.5240871888128218,0.49714872780222674,5.909170061927332,35.359848167691595,1.5460552398506375,208.52161469973768,214.65076850324132,3,,1.675177,,0.706004
2023,weekday,21,3,"Text, Text-Tint, Tint-Tc",57,19.0,46.05419082119564,OK,0.0,0.46807482582927507,0.43796585370640384,6.247238167974594,37.382811929927826,2.2502949313227796,214.863899917522,220.99305372102563,3,,,2.778831,1.982143
2023,weekday,22,3,"Tint, Text-Tc, Text-Tint",57,19.0,46.05419082119564,OK,,0.5040351349782233,0.4759616520524623,6.0323738227115875,36.09708643116424,0.4102649901045607,210.87402863331357,217.0031824368172,3,0.112355,1.954541,0.0,
2023,weekday,23,3,"Tint, Text-Tc, Tint-Tc",57,19.0,46.05419082119564,OK,,0.5240871888128218,0.49714872780222674,5.909170061927332,35.359848167691595,1.5460552519093902,208.52161469973768,214.65076850324132,3,0.0,1.675177,,0.706004
2023,weekday,24,3,"Tint, Text-Tint, Tint-Tc",57,19.0,46.05419082119564,OK,,0.46807482582927507,0.43796585370640384,6.247238167974594,37.382811929927826,2.250294901009695,214.863899917522,220.99305372102563,3,0.0,,2.778831,1.982143
2023,weekday,25,3,"Text-Tc, Text-Tint, Tint-Tc",57,19.0,46.05419082119564,OK,,0.5240871888128174,0.4971487278022221,5.90917006192736,35.35984816769176,1.5460552531169192,208.52161469973822,214.65076850324186,3,,1.675177,0.0,0.706004
2023,weekday,26,4,"Text, Tint, Text-Tc, Text-Tint",57,19.0,46.05419082119564,OK,0.0,0.5040351349782233,0.4658839915150097,6.032373822711587,36.097086431164236,0.41026500139033395,212.87402863331357,221.04623370465177,4,0.112355,1.954541,0.0,
2023,weekday,27,4,"Text, Tint, Text-Tc, Tint-Tc",57,19.0,46.05419082119564,OK,0.0,0.5240871888128149,0.48747851102918527,5.909170061927375,35.35984816769185,1.5460552115407473,210.5216146997385,218.6938197710767,4,0.0,1.675177,,0.706004
2023,weekday,28,4,"Text, Tint, Text-Tint, Tint-Tc",57,19.0,46.05419082119564,OK,0.0,0.46807482582927495,0.4271575047392192,6.2472381679745945,37.38281192992783,2.250294940370773,216.863899917522,225.0361049888602,4,0.0,,2.778831,1.982143
2023,weekday,29,4,"Text, Text-Tc, Text-Tint, Tint-Tc",57,19.0,46.05419082119564,OK,0.0,0.5240871888128218,0.4874785110291927,5.909170061927332,35.359848167691595,1.5460553320490482,210.52161469973768,218.69381977107588,4,,1.675177,0.0,0.706004
2023,weekday,30,4,"Tint, Text-Tc, Text-Tint, Tint-Tc",57,19.0,46.05419082119564,OK,,0.5240871888128218,0.4874785110291927,5.909170061927332,35.359848167691595,1.5460553152457792,210.52161469973768,218.69381977107588,4,0.0,1.675177,0.0,0.706004
2023,weekday,31,5,"Text, Tint, Text-Tc, Text-Tint, Tint-Tc",57,19.0,46.05419082119564,OK,0.0,0.5240871888128216,0.4774290700689805,5.909170061927334,35.3598481676916,1.5460552314655307,212.5216146997377,222.73687103891046,5,0.0,1.675177,0.0,0.706004
2024,weekday,1,1,Text,46,19.0,44.00053403032731,OK,0.715557,0.417289353928996,0.40404593015465506,6.74021319480028,35.90719487030341,3.5341664041686975,177.54442312439764,179.37306452088674,1,,,,
2024,weekday,2,1,Tint,46,19.0,44.00053403032731,OK,,0.13760316388435823,0.11800323579082095,8.199752323087452,43.6826100367955,1.417475736164409,195.5775633367518,197.4062047332409,1,0.739251,,,
2024,weekday,3,1,Text-Tc,46,19.0,44.00053403032731,OK,,0.7060801638623859,0.6994001675865311,4.786979919326897,25.501718689863097,-2.2801214540416392,146.06277383216602,147.89141522865512,1,,2.247914,,
2024,weekday,4,1,Text-Tint,46,19.0,44.00053403032731,OK,,-0.09879114410022205,-0.12376367010249978,9.255603305456818,49.307453922621804,-25.665527358013325,206.72108004061346,208.54972143710256,1,,,6.56446,
2024,weekday,5,1,Tint-Tc,46,19.0,44.00053403032731,OK,,0.4371236695764317,0.42433102570316883,6.624508329527873,35.29079936103619,3.347871406877608,175.95140623307938,177.7800476295685,1,,,,2.873119
2024,weekday,6,2,"Text, Tint",46,19.0,44.00053403032731,OK,0.715557,0.4172893539289958,0.3901865331815072,6.7402131948002815,35.907194870303414,3.534166393807759,179.54442312439764,183.20170591737582,2,0.0,,,
2024,weekday,7,2,"Text, Text-Tc",46,19.0,44.00053403032731,OK,0.129381,0.7195753740090105,0.7065323681489645,4.675792520576573,24.90938911828071,1.5839297340569788e-07,145.90067777719378,149.55796057017196,2,,1.869733,,
2024,weekday,8,2,"Text, Text-Tint",46,19.0,44.00053403032731,OK,0.491715,0.6425621922979208,0.6259371779861962,5.27894820804292,28.12258552335788,0.9024659491099747,157.062872486426,160.72015527940417,2,,,2.62776,
2024,weekday,9,2,"Text, Tint-Tc",46,19.0,44.00053403032731,OK,0.130479,0.43815488437447747,0.4120225534151508,6.6184373488102946,35.25845737401298,3.478753291361535,177.86705486915926,181.52433766213744,2,,,,2.35191
2024,weekday,10,2,"Tint, Text-Tc",46,19.0,44.00053403032731,OK,,0.720993361287156,0.7080163083237678,4.663955797815674,24.84633124481029,0.11320110251180962,145.66748539557713,149.3247681885553,2,0.109092,1.95869,,
2024,weekday,11,2,"Tint, Text-Tint",46,19.0,44.00053403032731,OK,,0.61876936634585,0.6010377089665873,5.451814278505007,29.043496405425262,0.5816319195245753,160.02725725430975,163.68454004728792,2,0.453676,,3.385973,
2024,weekday,12,2,"Tint, Tint-Tc",46,19.0,44.00053403032731,OK,,0.43712366957643156,0.41094337513812607,6.624508329527873,35.29079936103619,3.347871385320188,177.95140623307938,181.60868902605756,2,0.0,,,2.873119
2024,weekday,13,2,"Text-Tc, Text-Tint",46,19.0,44.00053403032731,OK,,0.7060801638623824,0.6924094738094699,4.786979919326925,25.50171868986325,-2.2801215390743073,148.06277383216658,151.72005662514476,2,,2.247914,0.0,
2024,weekday,14,2,"Text-Tc, Tint-Tc",46,19.0,44.00053403032731,OK,,0.7262271236197969,0.7134935014625782,4.620004161031866,24.612187317718714,0.40344001130574586,144.79639572895522,148.4536785219334,2,,1.795067,,0.621881
2024,weekday,15,2,"Text-Tint, Tint-Tc",46,19.0,44.00053403032731,OK,,0.7008297167358667,0.6869148198398605,4.829546852235698,25.728485872267143,1.4387029814513488,148.87724323422643,152.5345260272046,2,,,2.725814,1.96194
2024,weekday,16,3,"Text, Tint, Text-Tc",46,19.0,44.00053403032731,OK,0.0,0.720993361287156,0.70106431566481,4.663955797815674,24.84633124481029,0.11320101817660852,147.66748539557713,153.15340958504441,3,0.109092,1.95869,,
2024,weekday,17,3,"Text, Tint, Text-Tint",46,19.0,44.00053403032731,OK,0.491715,0.6425621922979208,0.6170309203192008,5.27894820804292,28.12258552335788,0.9024659576191684,159.062872486426,164.54879667589327,3,0.0,,2.62776,
2024,weekday,18,3,"Text, Tint, Tint-Tc",46,19.0,44.00053403032731,OK,0.130479,0.4381548843744437,0.39802309040118966,6.6184373488104935,35.258457374014036,3.4787533051598922,179.86705486916202,185.3529790586293,3,0.0,,,2.35191
2024,weekday,19,3,"Text, Text-Tc, Text-Tint",46,19.0,44.00053403032731,OK,0.130034,0.7195759172081788,0.6995456255801916,4.675787991930366,24.90936499278539,-3.2179036596478747e-08,147.90058867237335,153.38651286184063,3,,1.86546,0.008066,
2024,weekday,20,3,"Text, Text-Tc, Tint-Tc",46,19.0,44.00053403032731,OK,0.0,0.7262271236197969,0.7066719181640682,4.620004161031866,24.612187317718714,0.40343998905191414,146.79639572895522,152.2823199184225,3,,1.795067,,0.621881
2024,weekday,21,3,"Text, Text-Tint, Tint-Tc",46,19.0,44.00053403032731,OK,0.0,0.7008297167358666,0.6794604107884286,4.829546852235699,25.72848587226715,1.438702926983142,150.87724323422646,156.36316742369374,3,,,2.725814,1.96194
2024,weekday,22,3,"Tint, Text-Tc, Text-Tint",46,19.0,44.00053403032731,OK,,0.7211068251766402,0.7011858841178287,4.663007353756795,24.84127859073816,0.12148627645123174,147.64877472795692,153.1346989174242,3,0.117305,1.901568,0.120524,
2024,weekday,23,3,"Tint, Text-Tc, Tint-Tc",46,19.0,44.00053403032731,OK,,0.7262271236197968,0.7066719181640679,4.620004161031867,24.61218731771872,0.4034399738312412,146.79639572895522,152.2823199184225,3,0.0,1.795067,,0.621881
2024,weekday,24,3,"Tint, Text-Tint, Tint-Tc",46,19.0,44.00053403032731,OK,,0.7008297167358666,0.6794604107884286,4.829546852235699,25.72848587226715,1.4387029463828644,150.87724323422646,156.36316742369374,3,0.0,,2.725814,1.96194
2024,weekday,25,3,"Text-Tc, Text-Tint, Tint-Tc",46,19.0,44.00053403032731,OK,,0.7291834130791583,0.7098393711562412,4.5949922948236965,24.478941390913384,0.5760583986448469,146.2969712629645,151.78289545243177,3,,1.385994,0.711561,0.89705
2024,weekday,26,4,"Text, Tint, Text-Tc, Text-Tint",46,19.0,44.00053403032731,OK,0.0,0.7211068251766402,0.6938977349499709,4.663007353756795,24.84127859073816,0.12148628325955842,149.6487747279569,156.96334031391328,4,0.117305,1.901568,0.120524,
2024,weekday,27,4,"Text, Tint, Text-Tc, Tint-Tc",46,19.0,44.00053403032731,OK,0.0,0.7262271236197559,0.6995175747046102,4.620004161032212,24.61218731772056,0.40343993664028344,148.79639572896212,156.1109613149185,4,0.0,1.795067,,0.621881
2024,weekday,28,4,"Text, Tint, Text-Tint, Tint-Tc",46,19.0,44.00053403032731,OK,0.0,0.7008297167354497,0.6716423720267131,4.829546852239064,25.728485872285077,1.438702864985275,152.87724323429055,160.19180882024693,4,0.0,,2.725814,1.96194
2024,weekday,29,4,"Text, Text-Tc, Text-Tint, Tint-Tc",46,19.0,44.00053403032731,OK,0.0,0.7291834130791582,0.7027622826478566,4.594992294823697,24.478941390913388,0.5760583443403762,148.29697126296452,155.6115368489209,4,,1.385994,0.711561,0.89705
2024,weekday,30,4,"Tint, Text-Tc, Text-Tint, Tint-Tc",46,19.0,44.00053403032731,OK,,0.7291834130791581,0.7027622826478566,4.594992294823698,24.47894139091339,0.5760582005328255,148.29697126296455,155.61153684892093,4,0.0,1.385994,0.711561,0.89705
2024,weekday,31,5,"Text, Tint, Text-Tc, Text-Tint, Tint-Tc",46,19.0,44.00053403032731,OK,0.0,0.7291834130791579,0.6953313397140526,4.594992294823699,24.4789413909134,0.5760585756984034,150.29697126296455,159.44017824541004,5,0.0,1.385994,0.711561,0.89705
2024,weekend,1,1,Text,11,19.0,29.50225250452889,OK,0.143625,0.03562198511186643,-0.0715311276534818,2.1847305259597225,55.49027287351558,0.11376940058918543,19.19283482095923,19.5907300937576,1,,,,
2024,weekend,2,1,Tint,11,19.0,29.50225250452889,OK,,-0.07748807078472608,-0.19720896753858463,2.3093005639927324,58.65424450305072,-1.3497162705567418,20.412783235758607,20.810678508556975,1,0.142584,,,
2024,weekend,3,1,Text-Tc,11,19.0,29.50225250452889,OK,,-0.0809155337599421,-0.2010172597332689,2.3129705618326035,58.7474592859083,-5.716694248464623,20.447718429842045,20.845613702640414,1,,0.439618,,
2024,weekend,4,1,Text-Tint,11,19.0,29.50225250452889,OK,,-0.24698179986840874,-0.38553533318712074,2.4843013978393738,63.09911489226132,-32.14945867927668,22.019812832686977,22.417708105485346,1,,,2.912597,
2024,weekend,5,1,Tint-Tc,11,19.0,29.50225250452889,OK,,-0.29748689665853734,-0.4416521073983748,2.534111481507804,64.36424809828894,-5.954947651015234,22.456547654668544,22.854442927466913,1,,,,0.449349
2024,weekend,6,2,"Text, Tint",11,19.0,29.50225250452889,OK,0.143625,0.03562198511186565,-0.20547251861016802,2.184730525959723,55.490272873515586,0.11376915977189443,21.192834820959238,21.98862536655598,2,0.0,,,
2024,weekend,7,2,"Text, Text-Tc",11,19.0,29.50225250452889,OK,0.135398,0.036072668517261874,-0.20490916435342266,2.1842199705338508,55.47730520562152,-9.811898111445335e-07,21.187692982236495,21.983483527833236,2,,0.02621,,
2024,weekend,8,2,"Text, Text-Tint",11,19.0,29.50225250452889,OK,0.093284,0.3475783481457234,0.18447293518215424,1.7969599964827359,45.641235549549386,-1.5281489219234046,16.894119618058852,17.689910163655597,2,,,1.435819,
2024,weekend,9,2,"Text, Tint-Tc",11,19.0,29.50225250452889,OK,0.143625,0.03562198511186654,-0.2054725186101669,2.184730525959722,55.490272873515565,0.11376915646505346,21.19283482095923,21.988625366555972,2,,,,0.0
2024,weekend,10,2,"Tint, Text-Tc",11,19.0,29.50225250452889,OK,,-0.021578837388644745,-0.2769735467358059,2.248589457488952,57.112234709935414,-1.6806558912339435,21.826668460587566,22.622459006184307,2,0.073697,0.220688,,
2024,weekend,11,2,"Tint, Text-Tint",11,19.0,29.50225250452889,OK,,0.3537441481355531,0.19218018516944135,1.7884486312679402,45.4250542069613,-1.2400177165116646,16.789668267650782,17.585458813247524,2,0.089236,,1.589143,
2024,weekend,12,2,"Tint, Tint-Tc",11,19.0,29.50225250452889,OK,,-0.07748807078472608,-0.34686008848090766,2.309300563992733,58.654244503050734,-1.3497165286500905,22.41278323575861,23.20857378135535,2,0.142584,,,0.0
2024,weekend,13,2,"Text-Tc, Text-Tint",11,19.0,29.50225250452889,OK,,0.16386656514623188,-0.045166793567210206,2.034286051885535,51.669112863393984,-8.586033521394926,19.623188303439008,20.418978849035753,2,,0.271275,1.426648,
2024,weekend,14,2,"Text-Tc, Tint-Tc",11,19.0,29.50225250452889,OK,,-0.08091553375994232,-0.35114441719992784,2.3129705618326035,58.7474592859083,-5.716694321704671,22.447718429842045,23.243508975438786,2,,0.439618,,0.0
2024,weekend,15,2,"Text-Tint, Tint-Tc",11,19.0,29.50225250452889,OK,,0.23881098984089044,0.04851373730111308,1.9409774105529332,49.299153773483546,-4.916960930782866,18.590216653614718,19.386007199211456,2,,,1.751094,0.2594
2024,weekend,16,3,"Text, Tint, Text-Tc",11,19.0,29.50225250452889,OK,0.135398,0.03607266851729751,-0.3770390449752892,2.1842199705338103,55.47730520562049,1.2827366768377915e-09,23.187692982236086,24.381378800631197,3,0.0,0.02621,,
2024,weekend,17,3,"Text, Tint, Text-Tint",11,19.0,29.50225250452889,OK,0.0,0.35374414813555044,0.07677735447935774,1.788448631267944,45.42505420696139,-1.2400181886220991,18.789668267650825,19.98335408604594,3,0.089236,,1.589143,
2024,weekend,18,3,"Text, Tint, Tint-Tc",11,19.0,29.50225250452889,OK,0.143625,0.03562198511186654,-0.3776828784116193,2.184730525959722,55.490272873515565,0.11376914508551912,23.19283482095923,24.386520639354345,3,0.0,,,0.0
2024,weekend,19,3,"Text, Text-Tc, Text-Tint",11,19.0,29.50225250452889,OK,0.093284,0.3475783481457233,0.06796906877960474,1.796959996482736,45.64123554954939,-1.5281489209254602,18.894119618058856,20.08780543645397,3,,0.0,1.435819,
2024,weekend,20,3,"Text, Text-Tc, Tint-Tc",11,19.0,29.50225250452889,OK,0.135398,0.03607266851729718,-0.3770390449752896,2.184219970533811,55.477305205620496,-1.0936966489808368e-07,23.18769298223609,24.381378800631204,3,,0.02621,,0.0
2024,weekend,21,3,"Text, Text-Tint, Tint-Tc",11,19.0,29.50225250452889,OK,0.093284,0.3475783481457234,0.06796906877960485,1.7969599964827359,45.641235549549386,-1.5281489330388371,18.894119618058852,20.087805436453966,3,,,1.435819,0.0
2024,weekend,22,3,"Tint, Text-Tc, Text-Tint",11,19.0,29.50225250452889,OK,,0.3537441481355531,0.07677735447936151,1.7884486312679402,45.4250542069613,-1.2400181866072326,18.789668267650782,19.983354086045892,3,0.089236,0.0,1.589143,
2024,weekend,23,3,"Tint, Text-Tc, Tint-Tc",11,19.0,29.50225250452889,OK,,-0.021578837388644745,-0.4593983391266352,2.248589457488952,57.112234709935414,-1.6806559162637353,23.82666846058757,25.02035427898268,3,0.073697,0.220688,,0.0
2024,weekend,24,3,"Tint, Text-Tint, Tint-Tc",11,19.0,29.50225250452889,OK,,0.3537441481355531,0.07677735447936151,1.7884486312679402,45.4250542069613,-1.2400182019931636,18.789668267650782,19.983354086045892,3,0.089236,,1.589143,0.0
2024,weekend,25,3,"Text-Tc, Text-Tint, Tint-Tc",11,19.0,29.50225250452889,OK,,0.23881098984089033,-0.08741287165587108,1.9409774105529334,49.29915377348355,-4.916960948850759,20.590216653614718,21.783902472009828,3,,0.0,1.751094,0.2594
2024,weekend,26,4,"Text, Tint, Text-Tc, Text-Tint",11,19.0,29.50225250452889,OK,0.0,0.3537441481355531,-0.07709308644074486,1.7884486312679402,45.4250542069613,-1.240018192298303,20.789668267650782,22.381249358844265,4,0.089236,0.0,1.589143,
2024,weekend,27,4,"Text, Tint, Text-Tc, Tint-Tc",11,19.0,29.50225250452889,OK,0.135398,0.036072668517297735,-0.6065455524711705,2.1842199705338103,55.47730520562049,2.2489646953645597e-08,25.187692982236086,26.77927407342957,4,0.0,0.02621,,0.0
2024,weekend,28,4,"Text, Tint, Text-Tint, Tint-Tc",11,19.0,29.50225250452889,OK,0.0,0.3537441481355532,-0.07709308644074464,1.7884486312679402,45.4250542069613,-1.2400181902623708,20.78966826765078,22.38124935884426,4,0.089236,,1.589143,0.0
2024,weekend,29,4,"Text, Text-Tc, Text-Tint, Tint-Tc",11,19.0,29.50225250452889,OK,0.093284,0.347578348145721,-0.08736941975713175,1.7969599964827392,45.64123554954947,-1.5281489067075489,20.894119618058895,22.485700709252377,4,,0.0,1.435819,0.0
2024,weekend,30,4,"Tint, Text-Tc, Text-Tint, Tint-Tc",11,19.0,29.50225250452889,OK,,0.35374414813555255,-0.07709308644074575,1.788448631267941,45.42505420696132,-1.240018184226872,20.78966826765079,22.381249358844272,4,0.089236,0.0,1.589143,0.0
2024,weekend,31,5,"Text, Tint, Text-Tc, Text-Tint, Tint-Tc",11,19.0,29.50225250452889,OK,0.0,0.3537441481355531,-0.2925117037288938,1.7884486312679402,45.4250542069613,-1.2400181903575398,22.789668267650782,24.779144631642637,5,0.089236,0.0,1.589143,0.0
2025,weekday,1,1,Text,34,19.00352712,49.626533526996184,OK,0.513603,0.3257871966467112,0.3047180465419209,5.196553751247174,38.219085079365136,2.4078255376972204,114.06370526986422,115.59006579448038,1,,,,
2025,weekday,2,1,Tint,34,19.00352712,49.626533526996184,OK,,0.10703138679744206,0.0791261176348621,5.980465965261082,43.984522913037225,1.0881715040691253,123.61789701666031,125.14425754127647,1,0.528381,,,
2025,weekday,3,1,Text-Tc,34,19.00352712,49.626533526996184,OK,,0.3512506216478739,0.33097720357437,5.097478508301066,37.49041655774977,-6.576916537881769,112.7547284985938,114.28108902320997,1,,1.566823,,
2025,weekday,4,1,Text-Tint,34,19.00352712,49.626533526996184,OK,,-0.933907547268291,-0.994342158120425,8.801055915578882,64.72911104691849,-35.90685935777666,149.8912759190958,151.41763644371196,1,,,4.225309,
2025,weekday,5,1,Tint-Tc,34,19.00352712,49.626533526996184,OK,,0.33923998079234086,0.31859123019210156,5.144448271019899,37.83586499212377,2.7091728603228082,113.3784326756082,114.90479320022436,1,,,,1.99236
2025,weekday,6,2,"Text, Tint",34,19.00352712,49.626533526996184,OK,0.513603,0.3257871966467113,0.2822895964303701,5.196553751247173,38.21908507936513,2.407825536922739,116.0637052698642,119.11642631909652,2,0.0,,,
2025,weekday,7,2,"Text, Text-Tc",34,19.00352712,49.626533526996184,OK,0.249065,0.45692514854214517,0.42188806135131574,4.663873604362738,34.301383304611264,2.1717170201999034e-08,108.70955169226869,111.76227274150101,2,,0.844244,,
2025,weekday,8,2,"Text, Text-Tint",34,19.00352712,49.626533526996184,OK,0.440843,0.3819184481004444,0.34204221894563436,4.9755353560706395,36.59356146242393,1.0636902356428584,113.10824223754506,116.16096328677737,2,,,0.867796,
2025,weekday,9,2,"Text, Tint-Tc",34,19.00352712,49.626533526996184,OK,0.159608,0.3426419462851681,0.300231749271308,5.13118791951207,37.73833910733168,2.7727026167652484,115.20292930309688,118.2556503523292,2,,,,1.376259
2025,weekday,10,2,"Tint, Text-Tc",34,19.00352712,49.626533526996184,OK,,0.4672112114264688,0.43283774119591845,4.619494610638734,33.97498919457877,0.3037431133142938,108.05940090818656,111.11212195741888,2,0.202565,1.032267,,
2025,weekday,11,2,"Tint, Text-Tint",34,19.00352712,49.626533526996184,OK,,0.34234482838238456,0.29991546247157064,5.132347405999063,37.746866780635195,0.6778435112072299,115.21829342061591,118.27101446984823,2,0.402216,,1.564202,
2025,weekday,12,2,"Tint, Tint-Tc",34,19.00352712,49.626533526996184,OK,,0.33923998079234086,0.29661030213378226,5.144448271019899,37.83586499212377,2.7091728958047625,115.3784326756082,118.43115372484051,2,0.0,,,1.99236
2025,weekday,13,2,"Text-Tc, Text-Tint",34,19.00352712,49.626533526996184,OK,,0.351250621647872,0.30939582304450886,5.097478508301074,37.490416557749825,-6.576916505673064,114.75472849859392,117.80744954782624,2,,1.566823,0.0,
2025,weekday,14,2,"Text-Tc, Tint-Tc",34,19.00352712,49.626533526996184,OK,,0.5006312001418494,0.46841385821551706,4.472266018891526,32.892167320033316,1.0457867215041965,105.85687492766561,108.90959597689793,2,,0.823061,,1.00812
2025,weekday,15,2,"Text-Tint, Tint-Tc",34,19.00352712,49.626533526996184,OK,,0.4603520781373073,0.42553608317842395,4.649135249182046,34.19298714870783,1.8050423092338532,108.49432393833443,111.54704498756675,2,,,1.180159,1.627564
2025,weekday,16,3,"Text, Tint, Text-Tc",34,19.00352712,49.626533526996184,OK,0.0,0.46721121142646893,0.4139323325691159,4.619494610638734,33.97498919457877,0.3037431043596794,110.05940090818655,114.63848248203503,3,0.202565,1.032267,,
2025,weekday,17,3,"Text, Tint, Text-Tint",34,19.00352712,49.626533526996184,OK,0.440843,0.3819184481004446,0.3201102929104891,4.975535356070639,36.59356146242392,1.0636902968256114,115.10824223754506,119.68732381139354,3,0.0,,0.867796,
2025,weekday,18,3,"Text, Tint, Tint-Tc",34,19.00352712,49.626533526996184,OK,0.159608,0.3426419462851762,0.2769061409136938,5.131187919512039,37.738339107331456,2.772702549361787,117.20292930309645,121.78201087694494,3,0.0,,,1.37626
2025,weekday,19,3,"Text, Text-Tc, Text-Tint",34,19.00352712,49.626533526996184,OK,0.249065,0.45692514854190713,0.40261766339609784,4.6638736043637605,34.30138330461878,3.1541735963782995e-07,110.70955169228361,115.2886332661321,3,,0.844244,0.0,
2025,weekday,20,3,"Text, Text-Tc, Tint-Tc",34,19.00352712,49.626533526996184,OK,0.0,0.5006312001418491,0.45069432015603406,4.472266018891526,32.892167320033316,1.0457868736591218,107.85687492766561,112.4359565015141,3,,0.823061,,1.00812
2025,weekday,21,3,"Text, Text-Tint, Tint-Tc",34,19.00352712,49.626533526996184,OK,0.0,0.4603520781373073,0.406387285951038,4.649135249182047,34.19298714870783,1.805042360362636,110.49432393833445,115.07340551218293,3,,,1.180159,1.627564
2025,weekday,22,3,"Tint, Text-Tc, Text-Tint",34,19.00352712,49.626533526996184,OK,,0.46721121142646893,0.4139323325691159,4.619494610638734,33.97498919457877,0.30374311292468226,110.05940090818655,114.63848248203503,3,0.202565,1.032267,0.0,
2025,weekday,23,3,"Tint, Text-Tc, Tint-Tc",34,19.00352712,49.626533526996184,OK,,0.5006312001418493,0.45069432015603417,4.472266018891526,32.892167320033316,1.0457868618810262,107.85687492766561,112.4359565015141,3,0.0,0.823061,,1.00812
2025,weekday,24,3,"Tint, Text-Tint, Tint-Tc",34,19.00352712,49.626533526996184,OK,,0.4603520781373073,0.406387285951038,4.649135249182047,34.19298714870783,1.8050422975368006,110.49432393833445,115.07340551218293,3,0.0,,1.180159,1.627564
2025,weekday,25,3,"Text-Tc, Text-Tint, Tint-Tc",34,19.00352712,49.626533526996184,OK,,0.5006312001418493,0.45069432015603417,4.472266018891526,32.892167320033316,1.0457868982972307,107.85687492766561,112.4359565015141,3,,0.823061,0.0,1.00812
2025,weekday,26,4,"Text, Tint, Text-Tc, Text-Tint",34,19.00352712,49.626533526996184,OK,0.0,0.4672112114262398,0.39372310265744526,4.619494610639727,33.97498919458607,0.3037431345192015,112.05940090820118,118.16484300666583,4,0.202565,1.032267,0.0,
2025,weekday,27,4,"Text, Tint, Text-Tc, Tint-Tc",34,19.00352712,49.626533526996184,OK,0.0,0.5006312001418491,0.43175274498900074,4.472266018891527,32.89216732003333,1.0457867480580392,109.85687492766563,115.96231702613028,4,0.0,0.823061,,1.00812
2025,weekday,28,4,"Text, Tint, Text-Tint, Tint-Tc",34,19.00352712,49.626533526996184,OK,0.0,0.4603520781371361,0.3859178820181203,4.649135249182784,34.19298714871325,1.8050423944064162,112.49432393834523,118.59976603680988,4,0.0,,1.180159,1.627564
2025,weekday,29,4,"Text, Text-Tc, Text-Tint, Tint-Tc",34,19.00352712,49.626533526996184,OK,0.0,0.5006312001417506,0.4317527449888886,4.472266018891968,32.89216732003657,1.045786960290832,109.85687492767234,115.96231702613699,4,,0.823061,0.0,1.00812
2025,weekday,30,4,"Tint, Text-Tc, Text-Tint, Tint-Tc",34,19.00352712,49.626533526996184,OK,,0.5006312001418493,0.43175274498900085,4.472266018891526,32.892167320033316,1.045786854362464,109.85687492766561,115.96231702613026,4,0.0,0.823061,0.0,1.00812
2025,weekday,31,5,"Text, Tint, Text-Tc, Text-Tint, Tint-Tc",34,19.00352712,49.626533526996184,OK,0.0,0.5006312001418491,0.4114582001671794,4.472266018891526,32.892167320033316,1.0457867166244184,111.85687492766561,119.48867755074642,5,0.0,0.823061,0.0,1.00812
2025,weekend,1,1,Text,6,22.51723883,31.25470945060026,OK,0.111874,-0.036022498079706367,-0.29502812259963296,2.7442095311764554,77.58673242385514,-1.1766762558800539,14.113916800479569,13.905676269707623,1,,,,
2025,weekend,2,1,Tint,6,22.51723883,31.25470945060026,OK,,-0.005153609851558771,-0.2564420123144484,2.703017724148947,76.42212102170458,-0.18474791330491735,13.932425893840371,13.724185363068425,1,0.124586,,,
2025,weekend,3,1,Text-Tc,6,22.51723883,31.25470945060026,OK,,-0.1627909780138952,-0.45348872251736894,2.907257515197111,82.1965700345555,-6.349599997198441,14.806522426070615,14.598281895298669,1,,0.37958,,
2025,weekend,4,1,Text-Tint,6,22.51723883,31.25470945060026,OK,,-0.4270821818503432,-0.783852727312929,3.2207511234313837,91.05994013160273,-17.517514201576034,16.035375205999685,15.827134675227741,1,,,1.00373,
2025,weekend,5,1,Tint-Tc,6,22.51723883,31.25470945060026,OK,,-0.046973357771533886,-0.3087166972144173,2.758674689430305,77.99570424257375,-2.182050263560274,14.177004552972472,13.968764022200526,1,,,,0.594476
2025,weekend,6,2,"Text, Tint",6,22.51723883,31.25470945060026,OK,0.0,-0.005153609851558771,-0.6752560164192645,2.703017724148947,76.42212102170458,-0.18474832271721467,15.932425893840371,15.51594483229648,2,0.124586,,,
2025,weekend,7,2,"Text, Text-Tc",6,22.51723883,31.25470945060026,OK,0.111874,-0.036022498079706144,-0.726704163466177,2.7442095311764554,77.58673242385514,-1.1766762454773256,16.11391680047957,15.697435738935678,2,,0.0,,
2025,weekend,8,2,"Text, Text-Tint",6,22.51723883,31.25470945060026,OK,0.111874,-0.036022498079706144,-0.726704163466177,2.7442095311764554,77.58673242385514,-1.1766763111301533,16.11391680047957,15.697435738935678,2,,,0.0,
2025,weekend,9,2,"Text, Tint-Tc",6,22.51723883,31.25470945060026,OK,0.106246,-0.03599147716901818,-0.7266524619483636,2.7441684468775263,77.58557085201757,-1.1932488605386191,16.113737143907397,15.697256082363506,2,,,,0.03011
2025,weekend,10,2,"Tint, Text-Tc",6,22.51723883,31.25470945060026,OK,,-0.0051536098515594375,-0.6752560164192658,2.7030177241489484,76.42212102170461,-0.18474797874926213,15.932425893840374,15.515944832296483,2,0.124586,0.0,,
2025,weekend,11,2,"Tint, Text-Tint",6,22.51723883,31.25470945060026,OK,,-0.005153609851558771,-0.6752560164192645,2.703017724148947,76.42212102170458,-0.18474797310530588,15.932425893840371,15.51594483229648,2,0.124586,,0.0,
2025,weekend,12,2,"Tint, Tint-Tc",6,22.51723883,31.25470945060026,OK,,-0.005153609851560104,-0.6752560164192669,2.7030177241489493,76.42212102170464,-0.1847479722659165,15.932425893840378,15.515944832296487,2,0.124586,,,0.0
2025,weekend,13,2,"Text-Tc, Text-Tint",6,22.51723883,31.25470945060026,OK,,-0.16279097801389497,-0.9379849633564916,2.9072575151971107,82.19657003455549,-6.349600067034977,16.806522426070615,16.390041364526724,2,,0.37958,0.0,
2025,weekend,14,2,"Text-Tc, Tint-Tc",6,22.51723883,31.25470945060026,OK,,-0.046973357771533886,-0.7449555962858898,2.758674689430305,77.99570424257375,-2.182050496277013,16.17700455297247,15.760523491428582,2,,0.0,,0.594476
2025,weekend,15,2,"Text-Tint, Tint-Tc",6,22.51723883,31.25470945060026,OK,,-0.046973357771533886,-0.7449555962858898,2.758674689430305,77.99570424257375,-2.182050202611521,16.17700455297247,15.760523491428582,2,,,0.0,0.594476
2025,weekend,16,3,"Text, Tint, Text-Tc",6,22.51723883,31.25470945060026,OK,0.0,-0.005153609851558771,-1.5128840246288968,2.703017724148947,76.42212102170458,-0.1847479065708347,17.93242589384037,17.307704301524538,3,0.124586,0.0,,
2025,weekend,17,3,"Text, Tint, Text-Tint",6,22.51723883,31.25470945060026,OK,0.0,-0.0051536098553377485,-1.5128840246383444,2.7030177241540283,76.42212102184824,-0.18474797320036918,17.932425893862927,17.30770430154709,3,0.124586,,0.0,
2025,weekend,18,3,"Text, Tint, Tint-Tc",6,22.51723883,31.25470945060026,OK,0.0,-0.0051536098515592155,-1.5128840246288981,2.703017724148948,76.4221210217046,-0.18474797876982416,17.932425893840374,17.307704301524538,3,0.124586,,,0.0
2025,weekend,19,3,"Text, Text-Tc, Text-Tint",6,22.51723883,31.25470945060026,OK,0.111874,-0.036022498079706144,-1.5900562451992655,2.7442095311764554,77.58673242385514,-1.1766762499980754,18.11391680047957,17.489195208163736,3,,0.0,0.0,
2025,weekend,20,3,"Text, Text-Tc, Tint-Tc",6,22.51723883,31.25470945060026,OK,0.106247,-0.03599147716807538,-1.5899786929201882,2.7441684468762775,77.58557085198225,-1.193246543891331,18.113737143901936,17.4890155515861,3,,0.0,,0.030105
2025,weekend,21,3,"Text, Text-Tint, Tint-Tc",6,22.51723883,31.25470945060026,OK,0.106247,-0.03599147716820528,-1.5899786929205133,2.7441684468764493,77.58557085198711,-1.1932472004019465,18.11373714390269,17.489015551586853,3,,,0.0,0.030107
2025,weekend,22,3,"Tint, Text-Tc, Text-Tint",6,22.51723883,31.25470945060026,OK,,-0.005153609851700658,-1.5128840246292516,2.703017724149138,76.42212102170998,-0.1847479663712609,17.932425893841216,17.307704301525384,3,0.124586,0.0,0.0,
2025,weekend,23,3,"Tint, Text-Tc, Tint-Tc",6,22.51723883,31.25470945060026,OK,,-0.005153609851562102,-1.5128840246289053,2.703017724148952,76.42212102170471,-0.18474797855194533,17.93242589384039,17.307704301524556,3,0.124586,0.0,,0.0
2025,weekend,24,3,"Tint, Text-Tint, Tint-Tc",6,22.51723883,31.25470945060026,OK,,-0.005153609851558771,-1.5128840246288968,2.703017724148947,76.42212102170458,-0.1847479668192812,17.93242589384037,17.307704301524538,3,0.124586,,0.0,0.0
2025,weekend,25,3,"Text-Tc, Text-Tint, Tint-Tc",6,22.51723883,31.25470945060026,OK,,-0.04697335777153522,-1.6174333944288382,2.7586746894303062,77.99570424257378,-2.182050202611718,18.177004552972477,17.55228296065664,3,,0.0,0.0,0.594476
2025,weekend,26,4,"Text, Tint, Text-Tc, Text-Tint",6,22.51723883,31.25470945060026,OK,0.0,-0.005153609851558771,-4.025768049257794,2.703017724148947,76.42212102170458,-0.18474797855188255,19.93242589384037,19.099463770752592,4,0.124586,0.0,0.0,
2025,weekend,27,4,"Text, Tint, Text-Tc, Tint-Tc",6,22.51723883,31.25470945060026,OK,0.0,-0.00515360991287328,-4.025768049564366,2.7030177242313895,76.42212102403546,-0.18474796813918087,19.93242589420637,19.099463771118593,4,0.124586,0.0,,0.0
2025,weekend,28,4,"Text, Tint, Text-Tint, Tint-Tc",6,22.51723883,31.25470945060026,OK,0.0,-0.005153609851558327,-4.025768049257792,2.703017724148947,76.42212102170458,-0.18474790028482257,19.932425893840367,19.09946377075259,4,0.124586,,0.0,0.0
2025,weekend,29,4,"Text, Text-Tc, Text-Tint, Tint-Tc",6,22.51723883,31.25470945060026,OK,0.106247,-0.035991477168076935,-4.1799573858403845,2.7441684468762797,77.58557085198233,-1.1932465546941586,20.113737143901943,19.280775020814165,4,,0.0,0.0,0.030105
2025,weekend,30,4,"Tint, Text-Tc, Text-Tint, Tint-Tc",6,22.51723883,31.25470945060026,OK,,-0.005153609851559882,-4.025768049257799,2.703017724148949,76.42212102170463,-0.18474797310529753,19.932425893840374,19.099463770752596,4,0.124586,0.0,0.0,0.0
2025,weekend,31,5,"Text, Tint, Text-Tc, Text-Tint, Tint-Tc",6,22.51723883,31.25470945060026,OK,0.0,-0.0051536098515592155,-4.025768049257796,2.703017724148948,76.4221210217046,-0.18474797874928722,21.932425893840374,20.891223239980647,5,0.124586,0.0,0.0,0.0
